N,P,K,temperature,humidity,ph,rainfall,label
84.97,46.64,44.93,26.17,86.62,6.25,284.22,Rice
87.67,44.57,44.53,22.69,85.75,6.45,153.25,Rice
62.75,43.99,38.7,24.05,84.09,5.75,279.96,Rice
77.74,47.92,37.16,22.55,87.92,5.86,239.09,Rice
73.99,45.68,40.24,26.74,87.45,5.9,255.85,Rice
67.79,48.81,35.15,21.18,88.24,6.66,231.43,Rice
78.84,45.62,36.96,22.24,85.77,6.8,237.89,Rice
62.37,49.53,41.06,22.32,89.79,6.79,259.92,Rice
71.61,45.57,43.74,25.21,85.7,6.27,183.51,Rice
68.04,52.58,47.59,23.37,91.26,6.5,200.81,Rice
83.61,57.11,42.37,26.24,77.68,6.7,228.26,Rice
77.01,48.07,35.05,23.12,88.84,6.98,205.56,Rice
71.92,44.36,45.93,24.08,85.51,6.57,228.64,Rice
89.69,43.11,41.27,22.81,82.01,6.48,234.79,Rice
80.05,46.03,37.19,22.76,86.21,6.01,218.95,Rice
84.04,59.29,43.15,23.95,87.22,5.53,224.01,Rice
80.6,62.9,41.78,24.03,87.37,5.85,267.86,Rice
87.52,52.44,39.09,25.95,82.24,6.6,307.14,Rice
70.09,43.96,42.87,22.62,81.69,6.38,185.16,Rice
84.74,41.75,48.31,22.13,86.29,6.7,178.84,Rice
82.27,55.67,36.47,23.82,88.47,6.68,178.61,Rice
66.8,50.76,43.61,23.94,88.8,6.06,233.71,Rice
82.93,43.04,49.5,24.33,83.03,6.63,188.45,Rice
87.87,54.74,39.42,25.19,89.05,6.7,296.13,Rice
77.55,42.79,39.16,22.07,87.21,6.49,235.38,Rice
88.27,47.58,47.95,23.04,97.7,6.62,192.86,Rice
69.29,50.52,41.66,24.75,89.27,6.32,193.25,Rice
64.85,44.71,45.71,23.87,82.83,6.42,239.45,Rice
71.16,48.46,42.72,21.5,88.84,6.59,265.61,Rice
90.54,38.89,38.98,24.4,89.43,6.57,369.48,Rice
85.71,54.6,46.08,24.64,86.32,6.67,196.02,Rice
77.63,44.47,42.81,27.55,80.5,6.64,164.52,Rice
75.28,54.31,42.74,21.61,84.82,6.64,197.61,Rice
82.16,47.78,40.06,27.25,89.88,5.49,231.99,Rice
73.38,52.83,39.53,23.3,89.39,6.72,179.99,Rice
76.65,44.53,40.05,26.59,89.02,5.81,259.42,Rice
101.22,53.95,36.8,22.65,92.25,6.05,241.64,Rice
87.75,41.71,42.28,17.83,83.66,6.24,178.21,Rice
96.32,38.56,40.85,23.73,92.9,5.74,268.62,Rice
80.1,41.37,44.23,23.85,85.25,6.38,210.55,Rice
81.14,51.64,48.45,21.33,95.5,5.52,219.31,Rice
85.88,49.26,40.16,23.14,85.65,6.1,256.86,Rice
83.57,43.17,45.87,24.04,90.55,6.62,193.91,Rice
74.4,52.17,44.79,23.46,87.94,6.89,202.82,Rice
85.47,46.24,41.68,25.42,90.6,6.7,273.96,Rice
80.21,51.76,41.34,24.07,87.01,6.39,247.32,Rice
71.82,60.58,38.73,21.38,91.84,6.69,248.4,Rice
86.28,47.42,39.14,23.63,84.96,6.76,219.49,Rice
71.75,45.49,44.05,22.51,84.42,6.45,234.19,Rice
74.93,44.56,43.37,20.97,82.22,6.04,217.0,Rice
83.11,56.72,45.72,23.22,87.43,5.92,224.31,Rice
77.11,49.52,39.4,24.41,93.25,6.3,240.06,Rice
86.9,44.99,43.34,23.52,87.87,6.02,225.92,Rice
84.98,56.57,46.1,27.27,84.62,6.72,231.88,Rice
101.9,42.45,39.35,22.45,79.54,6.13,196.53,Rice
81.5,49.64,49.54,25.16,85.34,5.97,243.45,Rice
66.8,58.95,46.92,22.68,81.08,6.93,220.7,Rice
92.38,37.53,40.25,23.51,87.68,6.16,248.36,Rice
69.32,46.61,42.95,24.4,90.17,5.87,167.47,Rice
92.78,49.58,39.69,26.21,87.93,6.85,227.53,Rice
100.61,58.47,41.57,25.2,89.92,6.93,188.82,Rice
86.86,54.12,35.9,21.43,79.85,6.24,251.91,Rice
95.02,47.96,48.61,21.08,81.11,6.33,239.4,Rice
79.67,34.58,42.17,21.22,90.01,6.51,189.75,Rice
74.86,40.88,42.26,25.17,83.8,6.56,205.12,Rice
72.07,46.83,38.62,22.53,83.01,7.19,226.32,Rice
73.0,48.84,42.08,23.11,89.8,6.67,205.11,Rice
74.24,45.78,33.87,20.85,92.63,7.05,215.66,Rice
85.77,49.45,54.05,25.46,87.02,5.94,164.76,Rice
82.03,42.77,37.17,22.37,83.44,7.07,258.06,Rice
79.92,56.75,42.79,21.99,93.21,6.58,186.1,Rice
78.1,42.03,37.31,25.12,94.66,5.76,246.11,Rice
73.49,44.46,40.28,21.99,87.68,6.0,235.14,Rice
79.5,46.01,39.1,22.49,90.33,6.56,188.34,Rice
80.99,52.2,36.24,24.45,85.02,6.59,196.38,Rice
61.95,37.33,42.68,23.95,84.11,6.62,162.69,Rice
79.34,39.93,40.06,23.58,84.27,6.19,262.74,Rice
74.23,52.72,38.26,24.43,92.91,5.3,195.12,Rice
85.77,46.23,43.89,22.44,87.82,6.28,268.79,Rice
82.54,49.61,40.96,22.65,85.88,6.52,209.21,Rice
82.9,60.47,45.77,22.93,92.0,6.18,148.57,Rice
69.92,35.81,41.18,23.53,93.79,6.49,216.78,Rice
88.29,33.68,43.38,24.85,81.96,6.84,237.69,Rice
75.85,51.45,51.02,23.82,88.43,6.15,193.13,Rice
88.3,42.15,42.77,22.66,89.3,6.49,263.91,Rice
74.9,45.81,38.83,22.72,88.91,6.67,190.42,Rice
88.7,55.97,44.05,26.78,84.6,5.82,158.3,Rice
94.96,51.59,42.29,23.99,83.28,7.39,229.85,Rice
81.09,52.04,44.3,23.89,84.54,6.55,295.58,Rice
93.45,57.46,40.58,21.77,87.03,6.37,266.03,Rice
63.08,57.06,41.91,22.75,83.7,5.65,255.87,Rice
80.73,39.44,37.64,22.91,93.76,6.24,168.63,Rice
77.54,45.8,32.39,23.4,86.63,6.65,294.34,Rice
91.27,45.82,38.35,28.0,87.72,6.36,224.1,Rice
81.98,46.6,40.35,22.54,87.38,6.12,198.27,Rice
81.06,45.91,48.14,18.86,91.59,6.88,147.25,Rice
76.57,45.18,37.22,22.14,83.34,7.09,260.09,Rice
92.72,52.01,38.27,22.58,89.34,5.83,251.74,Rice
77.6,45.16,45.17,24.28,86.15,6.84,184.46,Rice
86.16,51.21,41.34,24.07,82.81,6.74,218.07,Rice
74.77,54.06,39.86,21.04,81.66,6.61,176.98,Rice
97.55,34.49,48.86,23.87,87.14,6.12,239.97,Rice
79.62,54.4,42.93,23.76,86.14,6.33,236.54,Rice
62.9,39.07,45.29,23.8,86.81,6.36,238.03,Rice
74.6,42.64,43.23,21.79,89.03,5.63,263.59,Rice
84.73,49.1,46.19,26.41,91.3,5.57,177.02,Rice
73.75,47.66,44.44,22.23,88.2,6.03,202.07,Rice
65.93,41.73,37.43,21.79,91.45,5.95,323.71,Rice
84.93,48.66,39.28,24.73,85.34,6.4,321.0,Rice
79.04,54.68,39.86,23.44,94.14,6.08,292.97,Rice
87.08,43.98,44.87,25.2,89.83,5.68,197.73,Rice
77.52,47.03,44.83,23.81,82.49,6.51,247.9,Rice
85.6,54.25,45.63,24.3,87.24,5.64,241.11,Rice
82.08,49.2,37.71,21.61,91.45,6.33,250.56,Rice
80.28,47.69,46.02,22.6,87.86,6.15,208.71,Rice
76.91,48.89,40.7,25.7,84.15,6.27,208.51,Rice
94.47,48.73,46.37,20.9,88.5,6.73,228.09,Rice
90.65,44.27,47.79,27.52,86.14,6.16,279.5,Rice
95.8,44.23,40.92,23.01,82.46,5.96,187.34,Rice
72.32,47.28,43.38,26.21,83.76,6.77,216.98,Rice
79.51,53.37,17.19,23.36,65.83,6.75,88.61,Maize
104.55,46.81,18.67,21.1,62.22,6.18,99.86,Maize
94.21,47.15,17.92,23.56,62.24,6.82,87.54,Maize
64.84,57.74,24.49,21.12,63.06,6.64,89.18,Maize
86.59,60.05,19.56,20.7,58.1,6.13,84.59,Maize
97.95,47.41,20.56,22.46,70.94,7.76,78.36,Maize
75.11,55.22,21.7,26.66,67.92,6.32,92.38,Maize
91.09,54.1,21.27,24.9,70.85,7.19,93.11,Maize
78.33,50.73,23.02,20.66,66.84,6.3,85.36,Maize
92.78,50.96,20.12,19.44,68.73,6.82,112.04,Maize
76.92,51.1,20.62,26.05,64.52,6.64,92.6,Maize
81.87,47.77,20.49,24.92,59.87,6.57,76.25,Maize
91.95,42.38,18.6,23.35,72.83,6.47,78.06,Maize
98.81,42.76,14.5,23.49,62.49,5.99,93.85,Maize
82.44,47.18,16.8,24.46,68.25,6.45,108.08,Maize
69.3,42.37,18.27,22.4,66.22,6.38,89.4,Maize
67.48,57.22,19.79,25.01,66.71,6.73,92.12,Maize
84.48,53.21,23.32,22.94,68.55,6.46,103.0,Maize
73.24,59.0,19.9,19.28,65.64,6.16,95.51,Maize
73.47,47.77,15.28,21.48,52.88,5.71,94.51,Maize
87.86,52.13,17.58,22.39,64.98,5.92,103.79,Maize
88.77,48.9,20.07,22.97,54.79,6.38,76.48,Maize
69.98,48.59,24.49,23.94,62.14,6.79,102.49,Maize
89.25,50.3,18.38,24.07,66.97,6.95,92.94,Maize
90.5,47.32,23.29,22.94,75.38,6.16,106.7,Maize
81.98,46.74,18.79,21.78,67.12,6.76,77.83,Maize
79.76,60.71,24.32,23.48,65.19,6.56,92.67,Maize
69.77,48.71,15.83,23.4,68.24,6.26,104.67,Maize
67.74,42.68,20.56,24.86,73.42,6.27,98.48,Maize
79.61,49.14,22.21,23.97,57.12,7.24,102.25,Maize
73.74,51.98,21.24,23.09,62.25,6.16,84.68,Maize
91.73,52.72,19.07,24.24,50.76,7.07,63.25,Maize
76.38,44.4,16.76,25.11,62.66,6.67,84.41,Maize
84.77,50.38,16.79,24.74,62.53,5.72,79.65,Maize
95.01,54.25,19.13,21.71,63.39,7.54,89.77,Maize
84.3,55.15,20.6,21.92,64.02,6.46,84.53,Maize
87.28,50.26,21.83,22.32,65.39,5.5,96.45,Maize
83.46,54.99,12.76,27.2,64.3,7.05,72.0,Maize
86.13,44.73,18.44,26.81,64.05,6.61,95.88,Maize
84.96,50.75,20.91,27.91,64.71,6.6,98.13,Maize
91.06,55.94,21.6,19.93,73.17,5.93,88.78,Maize
72.46,49.68,20.82,23.22,67.11,7.31,90.67,Maize
77.56,54.82,22.97,19.74,67.99,6.85,81.28,Maize
93.76,49.25,20.31,22.11,65.08,5.95,67.0,Maize
95.95,45.77,17.52,17.65,61.81,5.84,105.53,Maize
90.1,46.56,25.63,24.71,63.38,5.25,113.64,Maize
66.1,41.77,22.56,27.99,71.92,6.78,92.43,Maize
88.53,53.79,20.7,22.73,64.69,6.12,81.49,Maize
63.07,49.51,17.53,20.02,65.9,7.2,96.48,Maize
64.29,45.05,22.35,20.29,63.88,6.78,72.9,Maize
81.05,43.33,18.5,23.22,57.04,6.72,84.75,Maize
85.52,51.12,23.41,22.78,62.85,6.56,91.79,Maize
80.49,50.2,18.25,21.01,57.99,7.37,69.45,Maize
73.07,46.41,22.24,21.84,71.24,6.16,88.49,Maize
71.65,60.73,17.03,23.2,68.17,6.71,82.68,Maize
78.7,50.22,19.63,24.67,76.05,6.22,67.88,Maize
79.12,62.9,17.99,26.19,73.39,6.22,92.11,Maize
96.28,48.1,19.49,21.19,59.93,6.18,69.7,Maize
80.34,46.15,20.58,19.0,66.65,6.92,60.08,Maize
83.74,56.14,16.98,26.26,67.1,6.15,84.3,Maize
85.58,50.38,21.35,20.43,65.85,5.79,83.61,Maize
70.96,46.32,23.09,24.96,68.05,5.95,81.04,Maize
92.13,50.71,25.8,23.38,65.96,6.35,86.67,Maize
78.48,53.54,22.39,20.73,58.34,5.58,91.35,Maize
68.97,39.24,20.97,28.11,64.97,6.92,86.02,Maize
79.01,54.6,19.27,23.1,66.61,6.17,97.4,Maize
78.25,46.22,21.34,20.48,65.14,6.5,98.57,Maize
84.75,49.87,22.04,25.63,67.79,6.51,68.6,Maize
69.35,48.47,18.48,22.08,65.28,6.76,84.12,Maize
84.87,50.32,15.06,20.39,64.28,5.9,92.5,Maize
95.31,56.09,19.47,25.85,65.74,6.33,77.33,Maize
76.98,48.06,20.43,22.86,65.02,6.72,99.88,Maize
89.5,42.58,13.62,24.6,58.17,6.39,70.37,Maize
61.98,52.71,21.9,21.2,52.04,6.23,89.9,Maize
65.21,50.92,19.96,23.8,65.6,6.01,99.96,Maize
78.41,49.86,17.67,21.5,60.58,6.41,106.4,Maize
66.28,41.93,23.68,22.03,61.65,7.02,77.43,Maize
98.26,53.39,18.78,27.35,61.97,6.87,88.74,Maize
93.02,57.81,20.08,20.8,67.3,6.16,110.17,Maize
81.37,48.17,20.46,19.47,60.14,7.1,76.79,Maize
69.53,52.68,22.96,24.12,69.98,6.12,67.23,Maize
95.01,48.39,19.37,25.49,67.78,6.73,112.06,Maize
73.56,54.64,20.14,23.1,72.64,6.75,91.73,Maize
90.73,48.18,17.9,20.15,55.17,7.53,71.21,Maize
77.79,48.62,20.77,24.34,69.3,6.21,82.91,Maize
82.83,48.76,24.02,23.6,68.67,6.83,99.67,Maize
81.81,43.52,21.0,21.03,62.36,6.79,100.48,Maize
80.21,51.54,24.26,23.04,78.01,6.78,62.99,Maize
87.53,51.91,23.22,24.01,64.31,5.89,82.39,Maize
71.49,47.1,21.47,26.26,66.97,5.9,90.56,Maize
91.97,46.95,19.66,22.53,61.08,6.82,83.49,Maize
84.2,45.56,18.91,24.13,63.14,7.36,80.0,Maize
82.25,54.66,16.45,18.54,57.37,7.13,78.1,Maize
105.58,47.18,20.46,25.97,75.03,7.53,100.1,Maize
90.24,52.96,21.95,21.26,60.91,6.5,82.87,Maize
75.47,53.48,22.39,22.7,72.39,5.93,82.58,Maize
72.83,40.67,19.79,22.23,72.57,6.82,72.2,Maize
98.54,56.11,21.46,21.99,60.2,6.31,98.61,Maize
98.85,57.72,18.78,19.98,65.7,5.62,89.04,Maize
78.52,47.67,16.01,23.66,62.34,5.92,49.1,Maize
79.72,58.86,24.15,21.47,61.99,6.73,72.52,Maize
83.02,53.83,23.07,22.27,63.98,6.06,74.66,Maize
77.74,51.84,22.28,20.69,72.46,6.36,84.73,Maize
72.53,37.88,22.21,24.16,63.59,6.53,91.45,Maize
64.37,47.35,21.99,19.68,66.47,5.82,90.83,Maize
79.64,41.92,22.91,20.85,60.95,6.6,99.36,Maize
69.84,50.31,21.07,24.06,65.88,6.32,74.66,Maize
80.86,44.64,12.7,23.48,69.52,5.32,72.38,Maize
86.19,60.29,20.05,20.86,64.09,7.19,76.93,Maize
72.01,47.59,17.62,22.78,73.12,6.66,81.85,Maize
77.08,42.18,22.21,22.32,64.1,8.1,88.73,Maize
72.48,47.87,22.87,22.75,57.81,6.96,76.65,Maize
98.73,55.4,18.88,25.38,65.34,6.93,91.06,Maize
71.54,46.78,22.57,21.75,62.98,6.02,90.29,Maize
100.63,44.66,20.06,25.68,64.6,6.73,71.72,Maize
84.28,49.06,22.46,25.17,77.95,6.79,89.07,Maize
81.94,48.23,20.85,21.84,65.84,7.16,72.42,Maize
91.4,56.59,19.7,17.73,61.96,7.15,84.71,Maize
70.01,47.48,22.1,23.73,63.81,6.32,80.1,Maize
70.78,58.08,19.19,25.24,72.61,7.0,79.6,Maize
44.04,67.35,77.74,19.91,15.23,7.59,71.52,Chickpea
42.01,69.27,79.35,20.23,16.29,7.44,64.91,Chickpea
41.26,79.62,77.5,18.65,17.77,7.09,77.63,Chickpea
44.89,71.47,82.77,20.01,16.64,7.34,89.25,Chickpea
38.67,61.41,82.77,19.35,13.74,7.42,70.99,Chickpea
39.09,69.57,80.48,20.39,16.35,7.26,73.05,Chickpea
47.39,71.35,77.66,20.86,16.2,7.4,77.75,Chickpea
58.38,66.1,79.13,19.48,16.55,7.4,62.88,Chickpea
29.46,60.83,82.38,21.64,16.84,6.92,75.53,Chickpea
51.62,61.7,80.6,20.72,17.75,7.09,82.51,Chickpea
12.97,71.74,78.36,17.21,17.77,7.69,73.97,Chickpea
49.53,77.58,83.29,21.55,18.11,7.04,62.99,Chickpea
37.54,62.23,85.43,19.28,17.18,7.28,75.33,Chickpea
56.95,63.61,80.49,18.57,15.02,6.69,74.72,Chickpea
35.71,63.17,76.48,19.4,14.74,7.38,75.62,Chickpea
25.42,65.57,78.12,19.9,19.01,6.06,75.86,Chickpea
38.4,71.7,80.53,18.56,16.52,6.6,83.07,Chickpea
40.21,79.38,79.85,18.61,14.73,6.1,63.12,Chickpea
42.67,70.68,76.05,20.62,16.28,7.07,87.09,Chickpea
48.97,65.82,77.77,16.81,15.92,6.89,67.6,Chickpea
38.69,67.98,79.44,18.69,17.25,7.22,66.82,Chickpea
54.11,66.88,80.05,20.39,17.35,7.48,77.15,Chickpea
33.88,69.76,77.14,19.64,16.95,6.9,74.04,Chickpea
21.18,64.07,80.23,19.7,15.46,7.63,68.5,Chickpea
49.69,70.17,78.38,21.72,15.21,7.46,82.5,Chickpea
33.29,76.2,79.37,19.86,17.39,6.93,81.08,Chickpea
47.93,56.57,83.26,17.42,18.55,7.56,66.82,Chickpea
35.89,60.59,79.46,19.11,18.17,7.66,85.47,Chickpea
34.38,66.19,75.79,18.49,18.45,7.81,65.74,Chickpea
34.08,67.33,80.7,18.49,17.64,6.76,74.89,Chickpea
45.46,67.54,78.91,19.36,16.87,6.81,73.06,Chickpea
55.99,71.01,79.26,20.37,16.5,7.59,77.77,Chickpea
38.93,70.3,76.07,18.09,15.21,7.07,87.99,Chickpea
62.31,71.49,81.25,17.25,16.19,6.61,70.34,Chickpea
38.32,64.55,75.05,20.43,15.39,7.12,90.56,Chickpea
30.81,51.69,79.28,20.88,19.94,6.39,78.73,Chickpea
35.35,66.84,86.61,17.62,17.38,7.23,83.14,Chickpea
40.98,69.43,79.02,19.84,16.49,7.31,72.23,Chickpea
43.77,67.32,82.82,19.44,14.34,7.63,68.21,Chickpea
33.46,63.78,83.44,16.83,21.71,7.53,76.67,Chickpea
39.45,69.28,81.3,20.31,17.83,7.04,73.52,Chickpea
38.49,66.28,82.83,20.24,12.59,7.33,76.46,Chickpea
39.81,65.07,82.81,20.68,15.84,7.2,67.71,Chickpea
26.2,63.58,82.16,20.69,17.77,7.36,78.87,Chickpea
33.59,70.2,82.0,20.44,18.78,7.35,77.64,Chickpea
50.7,67.33,77.8,19.3,15.88,6.66,73.92,Chickpea
32.08,65.58,75.27,19.77,17.0,6.59,79.94,Chickpea
49.38,57.45,78.09,18.54,15.59,7.41,73.55,Chickpea
37.35,54.98,81.59,17.95,17.09,7.14,85.2,Chickpea
26.91,48.63,80.46,21.75,18.86,7.1,71.31,Chickpea
48.07,61.42,81.19,20.13,18.59,8.38,77.94,Chickpea
34.91,67.34,75.58,18.63,16.39,6.74,76.14,Chickpea
31.78,74.51,80.0,19.49,16.51,7.08,81.19,Chickpea
31.33,63.39,79.24,17.82,15.77,6.76,81.56,Chickpea
42.63,68.71,82.13,19.33,17.59,6.95,76.99,Chickpea
34.17,52.26,79.66,21.28,18.39,7.48,84.27,Chickpea
40.89,68.73,78.46,19.1,17.92,7.6,73.95,Chickpea
35.5,67.5,81.5,17.7,13.56,6.72,65.84,Chickpea
34.92,66.58,78.87,21.32,17.49,7.15,79.67,Chickpea
28.61,73.99,79.81,20.34,15.39,6.22,81.13,Chickpea
43.76,61.86,77.83,20.91,15.22,7.82,68.25,Chickpea
46.38,65.45,81.51,18.82,16.76,7.02,67.48,Chickpea
47.41,64.29,79.43,18.26,13.16,6.9,93.09,Chickpea
47.85,67.38,79.34,19.53,17.82,6.41,83.36,Chickpea
47.15,71.99,81.1,19.52,18.01,7.3,72.34,Chickpea
34.26,68.14,83.87,17.95,14.8,7.08,75.38,Chickpea
41.73,69.02,79.44,21.36,14.6,6.59,74.23,Chickpea
23.57,66.4,84.15,19.53,17.35,6.37,70.38,Chickpea
36.25,65.51,83.2,20.2,15.33,7.12,78.74,Chickpea
51.4,77.38,77.46,18.49,15.11,6.88,78.5,Chickpea
49.87,67.03,79.2,19.69,15.75,8.04,62.94,Chickpea
41.85,80.15,80.02,19.26,16.46,6.91,85.3,Chickpea
17.88,77.08,76.44,19.17,16.36,7.29,63.01,Chickpea
44.62,80.15,76.59,19.74,16.01,7.21,75.14,Chickpea
33.59,70.55,84.51,19.26,18.08,6.35,67.83,Chickpea
44.72,76.78,80.89,19.11,17.0,6.37,79.53,Chickpea
48.82,64.67,78.82,19.83,16.34,6.97,90.75,Chickpea
37.53,65.26,78.38,20.43,16.73,6.68,84.91,Chickpea
54.2,63.75,75.33,20.76,15.97,7.4,60.22,Chickpea
48.93,59.93,81.83,19.52,15.57,6.8,80.15,Chickpea
41.06,71.15,84.94,17.54,19.43,7.05,68.26,Chickpea
26.7,66.32,82.3,19.34,19.27,6.27,74.91,Chickpea
27.48,69.77,82.22,18.97,13.09,7.1,78.28,Chickpea
44.04,75.22,77.32,20.35,18.79,6.11,77.4,Chickpea
34.96,66.99,80.87,18.89,15.99,7.02,66.85,Chickpea
29.14,71.75,77.13,20.33,17.69,6.14,69.92,Chickpea
51.94,61.37,78.84,20.08,18.18,6.87,70.52,Chickpea
54.22,78.37,82.45,19.61,15.79,6.58,78.92,Chickpea
44.18,76.26,81.63,17.62,18.58,6.5,72.12,Chickpea
42.5,79.97,87.77,20.26,16.73,7.27,81.66,Chickpea
36.79,78.72,80.58,20.12,18.0,7.21,81.29,Chickpea
33.83,64.01,77.25,20.05,18.17,7.23,87.56,Chickpea
39.94,71.68,77.27,19.02,18.04,7.42,72.8,Chickpea
39.28,58.01,79.11,20.61,17.86,7.25,75.37,Chickpea
40.07,63.37,81.75,20.03,17.74,6.74,58.85,Chickpea
50.97,64.51,77.84,20.37,16.41,7.53,79.63,Chickpea
46.84,58.96,83.03,19.83,16.45,7.07,61.68,Chickpea
44.09,61.07,76.62,17.6,18.67,6.69,86.5,Chickpea
34.64,56.83,77.21,21.04,16.77,6.73,76.2,Chickpea
45.02,74.48,83.62,19.05,15.01,6.79,76.95,Chickpea
30.36,61.52,80.86,19.44,17.05,6.62,73.27,Chickpea
30.76,73.06,82.59,17.19,15.61,6.25,70.12,Chickpea
39.17,58.44,77.7,18.25,17.31,7.03,69.59,Chickpea
41.77,64.08,79.32,21.59,19.01,6.35,81.22,Chickpea
48.11,60.32,82.05,21.42,15.32,6.54,82.63,Chickpea
42.71,70.95,80.85,19.99,15.01,7.52,83.77,Chickpea
37.71,67.23,76.17,20.14,17.86,6.97,83.43,Chickpea
36.66,71.03,77.45,19.47,16.74,7.11,72.23,Chickpea
38.69,72.66,78.91,17.49,19.62,7.69,65.31,Chickpea
46.9,64.36,80.66,19.87,16.65,6.61,69.82,Chickpea
30.84,62.3,79.83,18.61,18.02,7.74,70.65,Chickpea
42.39,70.62,81.18,19.59,18.11,7.24,65.72,Chickpea
48.69,73.05,78.09,19.55,18.02,6.9,83.05,Chickpea
63.64,62.59,76.55,19.88,18.08,6.88,85.9,Chickpea
26.61,71.83,78.49,21.65,19.99,6.62,70.88,Chickpea
48.6,65.08,79.89,19.53,14.12,6.99,69.83,Chickpea
35.07,76.52,76.86,20.52,16.58,6.86,80.93,Chickpea
43.4,71.07,82.42,19.09,16.08,6.46,68.81,Chickpea
69.49,75.28,76.62,17.85,17.72,7.27,79.12,Chickpea
37.45,66.72,80.82,19.61,13.67,6.89,68.61,Chickpea
26.31,86.16,20.92,18.79,27.3,6.12,114.45,Kidneybeans
29.55,80.35,17.17,20.57,22.68,6.14,84.33,Kidneybeans
21.87,65.66,22.44,21.57,21.89,6.01,89.03,Kidneybeans
15.56,66.14,19.23,24.96,26.08,5.66,92.29,Kidneybeans
32.66,80.55,16.04,15.27,29.68,6.1,85.46,Kidneybeans
29.01,51.03,20.01,20.24,27.31,5.75,106.93,Kidneybeans
18.06,69.1,17.76,18.58,22.51,6.16,124.32,Kidneybeans
23.24,67.74,16.38,18.83,24.87,6.66,79.98,Kidneybeans
35.98,73.73,20.7,23.46,25.93,6.1,103.8,Kidneybeans
34.18,74.35,18.44,16.53,24.49,5.8,103.57,Kidneybeans
34.28,64.64,19.89,19.63,27.12,5.44,91.35,Kidneybeans
26.58,75.0,18.77,15.28,26.55,5.84,78.23,Kidneybeans
20.32,66.35,18.49,14.54,27.24,6.32,119.66,Kidneybeans
16.47,66.24,19.98,20.85,26.67,5.82,106.84,Kidneybeans
28.43,76.6,21.76,21.28,25.21,6.35,114.22,Kidneybeans
18.54,76.27,21.74,18.5,23.8,6.07,115.42,Kidneybeans
26.48,69.45,24.25,21.91,25.48,6.24,81.77,Kidneybeans
27.98,78.81,19.45,17.59,23.37,5.73,87.34,Kidneybeans
22.22,58.72,20.04,21.53,22.73,6.38,116.49,Kidneybeans
32.73,63.39,22.14,17.04,27.23,6.04,117.45,Kidneybeans
16.18,61.91,21.49,17.37,26.16,5.66,124.08,Kidneybeans
15.76,70.95,21.56,17.93,26.46,6.07,92.88,Kidneybeans
17.44,55.23,20.87,15.98,25.24,5.93,120.28,Kidneybeans
22.73,65.44,21.83,20.25,25.79,6.12,70.45,Kidneybeans
30.68,71.33,17.46,18.95,24.9,5.97,112.51,Kidneybeans
35.74,74.26,16.72,20.9,28.32,6.1,129.55,Kidneybeans
40.09,73.9,20.62,21.85,25.36,6.01,97.09,Kidneybeans
36.73,62.38,23.83,20.62,21.5,6.09,57.75,Kidneybeans
29.69,73.03,18.52,19.78,29.89,5.87,81.17,Kidneybeans
36.11,79.77,20.01,21.78,28.35,5.81,94.08,Kidneybeans
34.23,78.03,21.41,17.52,29.97,5.87,97.46,Kidneybeans
27.57,77.21,22.13,20.43,26.16,6.01,117.56,Kidneybeans
6.03,65.65,20.6,16.91,25.97,5.95,144.5,Kidneybeans
36.8,64.59,19.62,19.33,23.87,6.05,87.94,Kidneybeans
16.52,71.39,21.57,17.69,27.24,5.84,110.7,Kidneybeans
31.15,67.29,21.14,18.34,24.51,5.95,88.2,Kidneybeans
23.67,57.82,18.77,18.86,24.36,5.94,103.61,Kidneybeans
28.6,72.97,18.38,16.79,22.39,5.88,97.08,Kidneybeans
19.23,59.4,18.86,19.91,26.49,5.86,95.71,Kidneybeans
18.05,67.3,17.88,20.79,20.54,5.91,111.77,Kidneybeans
26.38,84.33,20.87,17.24,24.76,5.56,103.19,Kidneybeans
18.75,73.22,18.63,19.24,23.41,6.43,97.77,Kidneybeans
38.74,72.59,21.21,20.33,25.98,5.52,98.73,Kidneybeans
31.34,67.19,16.49,19.38,29.26,6.31,103.6,Kidneybeans
32.14,65.21,15.74,17.42,28.91,5.93,99.52,Kidneybeans
22.75,79.4,24.06,24.49,24.6,6.07,70.88,Kidneybeans
36.08,60.2,20.54,17.03,23.53,5.79,91.32,Kidneybeans
20.96,64.07,22.08,17.01,25.55,6.3,93.45,Kidneybeans
19.62,66.06,22.95,19.94,23.67,6.12,80.2,Kidneybeans
30.11,70.05,19.23,17.61,22.78,6.13,132.65,Kidneybeans
20.22,70.36,14.78,18.18,24.92,5.77,83.93,Kidneybeans
19.99,69.33,19.53,14.46,19.7,5.85,115.3,Kidneybeans
4.39,64.38,18.68,22.62,24.04,6.1,108.18,Kidneybeans
9.02,72.3,20.54,20.64,34.82,5.48,143.81,Kidneybeans
22.84,69.3,19.89,18.55,23.58,6.08,70.86,Kidneybeans
30.63,64.9,17.17,18.49,28.14,5.87,113.07,Kidneybeans
19.52,72.24,21.71,23.66,24.56,6.17,107.21,Kidneybeans
34.72,63.01,21.86,19.06,24.84,6.02,110.68,Kidneybeans
24.13,68.84,23.95,21.72,27.17,5.89,84.99,Kidneybeans
32.16,72.98,23.68,18.14,24.43,5.59,96.17,Kidneybeans
32.47,64.58,21.6,19.07,25.81,5.71,106.92,Kidneybeans
2.57,66.33,15.92,22.21,26.94,6.12,139.22,Kidneybeans
17.88,78.42,22.33,18.97,27.84,5.72,86.45,Kidneybeans
20.44,64.19,17.36,22.25,24.35,6.09,92.17,Kidneybeans
11.35,69.19,15.22,19.35,21.58,6.5,125.51,Kidneybeans
25.79,75.4,17.88,20.72,25.5,6.07,133.63,Kidneybeans
30.49,69.3,15.86,17.34,24.69,6.02,79.57,Kidneybeans
43.09,76.98,21.51,19.66,24.47,5.76,106.74,Kidneybeans
26.93,59.74,20.84,19.15,20.23,5.78,95.69,Kidneybeans
39.16,70.98,16.66,20.59,21.13,6.27,94.4,Kidneybeans
24.3,75.79,16.78,16.36,23.54,6.26,70.81,Kidneybeans
3.76,64.68,21.38,22.2,23.84,5.9,130.96,Kidneybeans
10.98,65.07,20.48,20.51,23.73,6.01,49.01,Kidneybeans
20.06,70.33,17.54,19.63,26.12,5.91,108.84,Kidneybeans
17.78,66.21,21.53,19.85,23.53,6.06,121.08,Kidneybeans
9.63,74.74,19.16,20.46,27.99,5.66,89.04,Kidneybeans
22.84,62.6,24.34,17.57,23.61,6.05,77.95,Kidneybeans
22.03,69.48,19.17,19.29,23.68,5.62,112.24,Kidneybeans
38.16,67.62,20.56,21.06,21.83,6.43,109.55,Kidneybeans
37.24,62.92,24.55,21.24,26.38,6.06,99.41,Kidneybeans
34.0,68.38,15.08,16.99,24.54,6.08,103.73,Kidneybeans
34.14,55.31,20.36,15.41,26.9,5.98,114.44,Kidneybeans
18.52,75.5,22.6,20.81,24.68,6.14,89.09,Kidneybeans
31.42,77.81,22.68,17.86,25.9,5.68,117.88,Kidneybeans
28.38,55.81,17.1,18.86,24.25,5.7,113.75,Kidneybeans
26.89,66.29,18.11,21.86,29.14,5.88,91.23,Kidneybeans
28.68,65.26,19.65,21.16,20.23,6.33,106.64,Kidneybeans
21.91,66.94,19.91,15.6,28.74,6.01,114.97,Kidneybeans
32.14,61.12,21.18,18.9,27.12,5.47,102.77,Kidneybeans
20.48,70.2,21.18,17.91,23.22,5.97,84.83,Kidneybeans
31.31,65.19,12.73,18.66,22.4,5.59,77.16,Kidneybeans
25.82,75.8,20.78,18.14,26.14,5.89,89.37,Kidneybeans
16.34,56.55,19.03,19.86,24.76,5.9,83.72,Kidneybeans
29.56,59.27,21.94,17.25,23.12,5.63,93.72,Kidneybeans
32.31,70.72,22.45,20.67,22.24,5.92,87.45,Kidneybeans
34.98,60.02,22.23,21.51,29.57,5.9,121.03,Kidneybeans
42.11,63.64,16.16,15.27,26.78,5.53,96.62,Kidneybeans
28.28,68.66,21.06,20.0,28.2,5.76,89.77,Kidneybeans
19.21,72.69,22.25,20.52,27.96,5.71,142.51,Kidneybeans
36.42,72.1,24.45,15.77,23.69,5.82,121.23,Kidneybeans
17.12,72.23,23.43,21.06,25.71,5.75,85.95,Kidneybeans
34.37,72.37,19.9,18.56,19.94,5.73,148.01,Kidneybeans
15.4,68.68,22.52,16.68,25.46,6.23,105.28,Kidneybeans
46.51,57.07,22.65,19.11,26.93,6.11,88.5,Kidneybeans
26.72,55.89,21.51,20.17,26.6,6.26,113.27,Kidneybeans
26.11,61.99,18.22,22.17,28.59,5.94,106.04,Kidneybeans
18.22,74.83,21.66,23.87,22.8,5.91,110.21,Kidneybeans
29.85,66.15,17.82,21.48,26.8,5.77,135.5,Kidneybeans
33.78,68.34,20.2,20.75,22.85,6.01,56.57,Kidneybeans
31.57,57.74,23.76,18.76,24.47,5.84,98.52,Kidneybeans
35.64,51.95,23.19,20.26,21.98,5.73,142.72,Kidneybeans
17.91,60.29,22.84,20.26,22.66,6.05,81.92,Kidneybeans
33.26,74.13,21.33,20.31,29.4,6.0,78.41,Kidneybeans
28.37,80.54,17.46,18.69,26.04,5.99,82.9,Kidneybeans
33.41,82.0,20.49,17.47,21.13,6.06,129.84,Kidneybeans
28.56,67.48,18.53,17.04,27.09,6.23,70.22,Kidneybeans
36.92,71.09,23.5,16.48,21.59,5.96,116.31,Kidneybeans
38.47,71.91,19.39,17.19,28.08,5.76,141.64,Kidneybeans
22.87,77.44,21.7,19.19,23.7,5.91,114.64,Kidneybeans
25.58,63.79,19.59,19.68,19.68,6.11,82.96,Kidneybeans
16.35,56.95,15.52,26.61,51.45,7.47,130.54,Pigeonpeas
26.33,70.0,20.33,29.81,49.02,7.16,194.7,Pigeonpeas
12.38,61.1,19.3,27.59,57.53,5.79,204.54,Pigeonpeas
33.93,68.83,22.57,32.76,52.18,5.74,147.15,Pigeonpeas
31.46,68.37,16.06,27.99,54.63,6.2,199.24,Pigeonpeas
14.61,70.66,23.72,35.68,52.98,6.56,160.67,Pigeonpeas
26.47,66.88,21.09,23.67,58.41,6.33,138.88,Pigeonpeas
40.35,63.28,18.99,34.98,50.84,5.91,140.96,Pigeonpeas
31.31,68.8,16.77,28.67,51.96,6.2,156.71,Pigeonpeas
28.14,56.4,22.66,30.63,61.92,6.53,175.29,Pigeonpeas
28.5,75.91,21.31,29.76,66.36,6.81,160.78,Pigeonpeas
15.43,59.45,20.73,30.36,51.93,6.34,188.69,Pigeonpeas
30.22,60.37,19.72,27.99,53.06,5.99,131.86,Pigeonpeas
15.59,66.7,18.6,22.68,65.26,6.93,134.65,Pigeonpeas
25.14,60.18,24.24,34.74,55.78,6.89,149.82,Pigeonpeas
14.97,64.93,20.33,28.86,53.91,6.19,142.78,Pigeonpeas
25.39,60.87,18.21,26.79,59.89,4.93,176.72,Pigeonpeas
35.4,65.61,13.49,29.1,54.68,5.62,130.83,Pigeonpeas
36.48,71.66,17.69,26.01,53.36,6.12,158.65,Pigeonpeas
20.99,70.7,24.84,32.04,54.76,6.14,135.19,Pigeonpeas
33.85,63.58,20.11,30.13,52.49,5.39,153.88,Pigeonpeas
24.54,70.63,18.67,33.05,50.62,7.32,96.94,Pigeonpeas
28.26,70.47,18.01,31.06,61.4,4.86,158.83,Pigeonpeas
6.3,61.46,24.07,28.55,49.13,6.13,201.87,Pigeonpeas
11.26,60.93,23.74,34.64,54.48,5.48,202.64,Pigeonpeas
36.96,71.74,17.97,29.88,54.2,6.46,184.9,Pigeonpeas
31.6,60.77,23.44,30.78,58.44,7.17,114.43,Pigeonpeas
24.73,64.18,16.08,30.87,67.56,5.1,144.11,Pigeonpeas
29.8,68.27,19.72,26.75,56.16,5.78,84.78,Pigeonpeas
33.96,73.49,20.13,30.57,60.37,6.39,169.86,Pigeonpeas
22.77,75.7,20.8,30.49,48.65,6.43,122.12,Pigeonpeas
20.21,62.4,17.33,35.31,61.66,7.45,111.37,Pigeonpeas
25.53,59.42,18.26,27.7,61.2,6.0,174.38,Pigeonpeas
29.53,81.9,16.3,33.15,60.73,5.64,172.7,Pigeonpeas
27.52,66.08,17.94,28.2,65.25,6.25,166.51,Pigeonpeas
19.07,62.63,22.7,26.63,52.92,6.27,148.06,Pigeonpeas
23.66,69.97,21.73,31.84,50.07,6.07,177.86,Pigeonpeas
31.71,58.92,20.88,25.05,55.23,7.44,118.93,Pigeonpeas
18.74,72.28,16.14,28.42,57.98,5.85,138.51,Pigeonpeas
30.58,70.13,20.67,29.15,56.85,6.17,157.59,Pigeonpeas
21.27,66.36,17.53,29.91,50.94,5.55,152.11,Pigeonpeas
26.6,72.39,18.92,31.02,57.75,6.53,122.29,Pigeonpeas
26.12,69.78,20.02,24.78,55.8,7.63,135.1,Pigeonpeas
19.54,69.83,20.78,32.98,48.71,6.71,161.24,Pigeonpeas
23.93,69.62,22.57,32.18,49.28,6.76,143.22,Pigeonpeas
25.55,67.96,19.62,32.98,54.58,5.55,134.18,Pigeonpeas
26.34,75.18,21.51,27.87,67.43,6.42,180.07,Pigeonpeas
23.86,70.83,22.1,33.05,60.29,6.8,136.34,Pigeonpeas
20.71,69.58,22.33,29.44,60.33,7.16,119.8,Pigeonpeas
18.72,66.62,20.77,28.69,61.76,6.52,146.08,Pigeonpeas
14.23,59.28,20.7,24.67,60.06,6.15,234.19,Pigeonpeas
42.31,66.37,19.73,32.49,63.52,5.23,95.87,Pigeonpeas
20.33,71.14,21.24,32.67,49.0,4.8,168.6,Pigeonpeas
18.79,54.88,20.36,31.98,54.39,5.96,140.62,Pigeonpeas
22.22,59.07,18.21,31.3,56.61,6.36,117.63,Pigeonpeas
23.64,53.89,20.45,33.57,47.63,5.88,154.05,Pigeonpeas
34.4,64.7,18.27,25.08,55.52,7.53,152.63,Pigeonpeas
24.83,69.51,19.97,27.97,59.12,6.39,145.48,Pigeonpeas
17.68,75.65,21.66,28.62,60.01,5.94,123.49,Pigeonpeas
19.3,56.43,21.18,25.42,48.86,4.95,142.63,Pigeonpeas
23.87,65.46,17.39,27.07,57.32,5.91,153.7,Pigeonpeas
18.36,68.63,23.26,31.47,52.94,6.41,138.38,Pigeonpeas
25.06,65.46,19.59,30.53,50.03,5.62,106.82,Pigeonpeas
13.0,59.89,20.4,27.77,57.57,6.27,90.87,Pigeonpeas
29.91,72.57,17.52,31.05,50.72,6.31,110.23,Pigeonpeas
11.55,65.11,19.69,29.01,49.08,6.0,152.41,Pigeonpeas
24.66,68.64,18.32,32.93,49.12,6.55,177.5,Pigeonpeas
28.61,66.23,18.68,32.59,47.89,5.64,134.07,Pigeonpeas
34.28,69.87,17.58,29.22,51.93,5.81,171.92,Pigeonpeas
14.71,77.55,22.07,32.73,52.69,6.16,105.59,Pigeonpeas
21.07,70.59,23.24,27.23,53.17,6.16,106.62,Pigeonpeas
29.44,62.98,19.51,28.87,51.05,6.25,139.07,Pigeonpeas
22.21,62.95,20.8,34.13,55.7,6.87,106.77,Pigeonpeas
26.18,60.64,16.31,28.15,60.96,6.84,151.68,Pigeonpeas
13.5,66.27,20.75,30.44,45.78,5.69,143.24,Pigeonpeas
29.02,53.77,19.59,30.36,59.25,6.68,161.02,Pigeonpeas
19.0,55.57,19.02,32.5,61.97,6.69,156.81,Pigeonpeas
27.85,64.02,19.67,34.17,50.29,7.26,136.14,Pigeonpeas
34.94,58.71,21.46,28.16,47.92,6.39,172.76,Pigeonpeas
18.66,58.13,19.77,29.78,57.74,6.84,143.37,Pigeonpeas
38.92,68.9,19.13,25.97,53.69,6.04,171.41,Pigeonpeas
28.47,60.13,20.43,31.68,62.64,6.8,165.92,Pigeonpeas
25.45,69.93,23.12,26.67,53.25,5.77,155.43,Pigeonpeas
34.23,63.77,14.02,28.97,59.57,6.59,156.78,Pigeonpeas
22.9,59.51,21.29,27.91,65.92,6.61,129.03,Pigeonpeas
20.41,66.92,19.4,32.79,55.93,5.79,196.99,Pigeonpeas
25.37,72.31,18.48,30.91,56.56,5.07,200.42,Pigeonpeas
34.68,65.02,17.24,30.87,55.43,6.47,150.27,Pigeonpeas
28.8,76.55,21.42,27.38,61.81,7.28,231.68,Pigeonpeas
16.57,69.02,14.79,31.38,52.26,7.45,123.7,Pigeonpeas
12.33,64.55,15.06,31.88,44.67,6.27,87.86,Pigeonpeas
22.6,77.77,20.9,27.84,54.84,6.26,158.0,Pigeonpeas
14.75,71.2,13.24,28.43,52.56,6.65,145.62,Pigeonpeas
14.46,61.34,20.5,29.8,52.1,5.95,164.14,Pigeonpeas
21.12,66.95,25.42,26.44,45.74,6.74,126.34,Pigeonpeas
22.61,62.62,19.35,34.0,59.01,6.79,106.05,Pigeonpeas
16.37,49.76,17.98,32.39,57.58,6.11,144.39,Pigeonpeas
19.83,68.78,21.91,25.96,56.5,6.83,133.58,Pigeonpeas
30.26,85.09,19.74,30.98,51.31,6.36,157.66,Pigeonpeas
26.46,61.13,20.52,33.66,57.24,6.85,138.48,Pigeonpeas
30.62,69.25,17.62,30.8,50.04,5.85,150.21,Pigeonpeas
27.23,60.07,22.63,31.43,51.48,5.29,141.02,Pigeonpeas
21.66,68.21,19.09,24.98,53.06,6.06,162.43,Pigeonpeas
19.76,77.99,15.22,33.28,53.88,6.79,147.19,Pigeonpeas
33.55,65.08,17.25,33.55,54.43,6.39,178.96,Pigeonpeas
17.26,71.22,18.53,29.67,55.36,5.31,123.58,Pigeonpeas
35.13,73.04,19.84,30.61,53.53,7.1,139.49,Pigeonpeas
26.74,74.66,18.06,33.9,47.35,7.27,134.75,Pigeonpeas
23.18,55.69,18.86,27.4,51.96,6.16,171.34,Pigeonpeas
26.56,69.42,17.26,27.8,63.99,5.79,190.55,Pigeonpeas
23.18,67.51,22.68,33.18,54.45,6.01,143.46,Pigeonpeas
27.53,73.07,20.01,31.55,63.19,6.49,153.57,Pigeonpeas
13.61,51.06,20.97,29.76,52.43,6.4,143.34,Pigeonpeas
33.46,68.04,18.13,32.48,53.91,6.58,131.87,Pigeonpeas
20.13,68.03,20.03,31.2,53.66,5.1,133.1,Pigeonpeas
30.95,65.64,19.38,32.47,51.44,5.29,140.58,Pigeonpeas
21.37,61.46,19.56,31.23,54.95,6.44,194.87,Pigeonpeas
22.43,69.24,18.73,27.88,52.08,5.95,154.89,Pigeonpeas
42.62,63.02,18.96,29.84,56.98,6.41,180.31,Pigeonpeas
6.8,52.58,18.76,32.74,47.17,4.37,160.71,Pigeonpeas
26.83,40.69,17.54,26.06,53.19,6.53,58.06,Mothbeans
3.59,42.14,17.18,27.49,49.14,7.6,31.58,Mothbeans
25.34,50.99,24.64,27.04,54.53,5.65,25.59,Mothbeans
31.34,47.47,22.95,25.25,55.75,8.4,57.22,Mothbeans
27.07,47.55,16.07,30.71,48.68,7.38,34.92,Mothbeans
16.15,56.47,19.13,30.91,52.01,5.62,62.54,Mothbeans
20.58,51.87,20.06,24.91,53.53,8.65,58.05,Mothbeans
24.57,54.22,20.53,28.42,45.68,7.18,64.15,Mothbeans
18.73,56.4,19.77,26.22,58.74,6.78,61.04,Mothbeans
22.81,47.13,21.23,28.58,40.03,6.16,62.96,Mothbeans
24.01,44.23,16.6,25.84,39.86,6.92,45.77,Mothbeans
17.75,47.07,20.91,32.19,43.05,7.87,63.45,Mothbeans
19.16,48.77,18.86,28.37,61.93,7.45,58.22,Mothbeans
21.77,38.22,19.48,30.41,42.96,6.21,53.92,Mothbeans
17.62,42.55,18.94,25.27,46.41,7.53,37.79,Mothbeans
13.02,43.56,21.83,27.61,49.6,7.03,32.86,Mothbeans
28.71,49.9,18.98,30.01,45.45,7.85,54.24,Mothbeans
22.48,47.38,19.73,30.44,45.77,6.43,64.16,Mothbeans
20.53,53.13,24.25,27.2,56.76,6.13,60.99,Mothbeans
26.5,50.46,18.39,24.68,55.65,5.45,48.93,Mothbeans
32.06,48.7,24.87,30.05,48.41,7.02,51.97,Mothbeans
13.13,41.62,18.6,23.93,52.8,6.81,33.68,Mothbeans
28.03,51.97,20.57,27.35,56.2,7.51,55.96,Mothbeans
18.82,49.23,22.99,26.81,65.61,6.61,52.86,Mothbeans
19.96,48.9,15.64,26.91,45.67,7.1,63.69,Mothbeans
29.85,32.68,25.11,28.59,47.65,7.12,54.48,Mothbeans
20.0,48.74,18.48,27.19,48.21,5.93,54.14,Mothbeans
29.39,50.72,22.05,28.65,49.17,7.63,37.23,Mothbeans
18.24,41.47,22.7,29.89,55.55,7.8,42.61,Mothbeans
27.61,46.72,22.12,27.77,50.09,7.41,62.36,Mothbeans
19.99,47.12,17.35,23.0,53.75,7.46,55.45,Mothbeans
10.38,45.31,14.45,30.74,45.71,7.94,63.14,Mothbeans
18.25,40.42,20.88,26.31,53.14,6.64,32.46,Mothbeans
8.27,48.92,18.6,26.89,56.85,7.88,49.43,Mothbeans
22.45,50.63,16.61,28.45,55.95,7.51,30.71,Mothbeans
19.29,42.01,20.25,28.96,61.85,6.63,46.9,Mothbeans
33.62,49.35,23.17,28.58,45.27,6.0,35.05,Mothbeans
29.97,54.93,24.62,29.69,59.77,6.56,39.49,Mothbeans
31.38,50.11,20.27,28.77,54.52,7.96,67.07,Mothbeans
29.08,52.79,21.29,27.08,57.23,5.95,64.36,Mothbeans
16.04,49.29,17.89,29.11,52.29,5.8,57.23,Mothbeans
20.67,53.01,20.0,28.79,46.52,6.56,47.34,Mothbeans
31.43,57.98,17.99,30.15,38.94,6.1,41.71,Mothbeans
14.86,37.6,21.03,27.57,54.87,7.52,55.49,Mothbeans
29.93,47.07,17.03,30.12,48.82,6.3,50.5,Mothbeans
18.15,44.89,20.86,28.7,46.89,6.63,64.59,Mothbeans
28.72,60.47,22.95,30.29,43.83,7.57,51.9,Mothbeans
20.87,48.55,22.36,29.0,47.01,7.56,45.33,Mothbeans
26.63,45.6,19.45,29.53,46.0,8.46,32.01,Mothbeans
20.52,49.81,21.46,27.8,52.14,7.31,49.9,Mothbeans
35.45,52.75,22.18,26.07,52.0,6.77,41.19,Mothbeans
27.7,44.14,21.64,25.86,63.24,6.33,54.97,Mothbeans
30.94,43.93,22.13,25.54,61.58,7.01,45.79,Mothbeans
22.76,52.56,18.54,26.5,51.12,6.12,72.98,Mothbeans
20.75,52.7,20.52,26.03,52.46,7.59,50.38,Mothbeans
33.95,53.88,22.3,27.08,45.75,6.54,54.71,Mothbeans
29.09,33.93,19.98,28.32,50.77,7.97,57.25,Mothbeans
34.83,46.15,22.34,31.27,60.7,6.18,49.65,Mothbeans
22.41,50.56,21.72,26.32,52.92,5.49,68.72,Mothbeans
21.16,47.85,19.23,30.29,34.77,6.99,51.31,Mothbeans
21.6,58.29,17.78,29.54,54.73,7.95,44.99,Mothbeans
19.5,54.35,21.06,24.91,49.13,7.29,61.92,Mothbeans
19.91,29.29,21.31,25.56,39.89,4.88,61.66,Mothbeans
25.96,46.09,23.47,29.27,62.6,5.96,52.11,Mothbeans
12.87,46.07,19.38,29.25,52.78,7.47,60.41,Mothbeans
41.16,45.53,17.65,28.49,47.49,8.11,49.31,Mothbeans
20.76,44.55,21.8,27.68,48.49,8.25,42.87,Mothbeans
25.27,51.58,15.92,28.96,45.91,7.62,41.67,Mothbeans
30.2,54.41,22.15,28.5,51.05,6.57,69.05,Mothbeans
19.75,41.02,21.66,26.41,46.56,5.92,47.07,Mothbeans
24.38,49.02,22.38,29.05,51.31,6.85,58.24,Mothbeans
34.54,48.29,18.83,26.01,43.47,7.5,59.0,Mothbeans
29.33,46.7,23.52,27.03,58.47,6.97,45.66,Mothbeans
29.44,50.06,20.89,28.16,52.26,8.79,65.82,Mothbeans
30.42,48.2,22.52,29.04,52.66,6.77,51.59,Mothbeans
1.22,48.82,18.78,31.19,52.62,6.11,51.94,Mothbeans
17.15,50.46,20.73,29.92,47.56,7.03,37.14,Mothbeans
30.26,50.74,21.24,28.0,55.09,8.2,49.29,Mothbeans
26.04,40.71,17.83,28.2,59.4,6.81,49.85,Mothbeans
21.95,44.16,20.74,25.01,60.51,6.5,60.62,Mothbeans
15.48,51.68,21.68,28.77,46.28,7.19,39.19,Mothbeans
23.1,53.93,21.99,28.03,46.41,7.48,52.72,Mothbeans
7.6,52.39,19.94,30.4,45.65,4.62,55.64,Mothbeans
27.19,36.93,17.55,33.51,50.59,7.55,45.18,Mothbeans
9.32,46.44,19.34,27.2,51.78,7.2,50.81,Mothbeans
15.52,50.54,15.13,23.9,57.12,7.38,51.85,Mothbeans
14.53,43.08,19.34,24.81,47.88,7.49,68.56,Mothbeans
21.85,52.23,15.21,29.32,47.48,7.23,49.71,Mothbeans
34.9,42.03,21.57,27.44,51.51,6.86,42.99,Mothbeans
24.89,47.11,20.6,28.17,57.49,7.69,40.68,Mothbeans
31.52,40.09,21.47,29.24,40.55,7.07,47.23,Mothbeans
19.31,55.94,18.37,26.39,52.97,7.51,50.91,Mothbeans
33.75,50.82,14.55,26.94,48.99,7.36,22.97,Mothbeans
44.12,50.82,20.37,30.36,67.15,7.65,63.17,Mothbeans
25.98,46.62,18.81,26.35,48.21,5.99,51.65,Mothbeans
12.36,48.69,19.91,28.29,49.24,9.31,67.8,Mothbeans
15.67,48.96,18.48,25.97,44.12,7.32,44.83,Mothbeans
32.26,53.71,23.43,26.3,55.47,7.47,47.17,Mothbeans
19.21,57.56,20.57,29.27,47.36,6.09,46.09,Mothbeans
24.07,40.85,19.98,24.62,45.5,7.5,59.29,Mothbeans
22.06,41.14,17.43,27.25,56.53,7.7,46.91,Mothbeans
16.35,49.17,17.94,26.96,60.78,7.62,54.28,Mothbeans
15.46,48.82,22.66,27.25,60.94,7.97,71.22,Mothbeans
27.29,51.17,23.54,28.89,49.37,6.66,55.18,Mothbeans
15.32,46.6,22.74,23.62,62.09,7.84,47.33,Mothbeans
29.08,47.52,23.07,29.97,43.75,7.44,50.19,Mothbeans
25.62,42.95,24.37,30.08,47.88,6.0,48.16,Mothbeans
28.26,49.0,23.13,29.58,58.56,7.25,36.87,Mothbeans
23.53,54.13,19.87,29.01,50.51,6.23,51.11,Mothbeans
27.32,43.4,19.41,26.12,59.5,6.78,68.84,Mothbeans
36.47,46.99,17.48,23.83,43.3,5.97,68.01,Mothbeans
25.87,49.94,14.45,25.6,58.04,7.22,50.84,Mothbeans
29.24,57.72,19.45,28.14,53.7,8.79,28.88,Mothbeans
30.12,46.78,21.42,26.69,52.19,7.53,87.52,Mothbeans
31.06,42.2,18.94,27.09,41.28,6.75,60.74,Mothbeans
15.44,54.05,21.22,26.53,51.62,8.2,60.75,Mothbeans
25.07,46.01,20.19,26.98,39.35,8.53,54.25,Mothbeans
27.99,47.14,18.16,27.63,42.5,8.71,38.61,Mothbeans
17.26,44.75,23.22,28.03,44.77,7.94,60.72,Mothbeans
29.04,51.97,25.99,32.37,48.21,8.22,56.81,Mothbeans
28.74,36.92,19.57,29.37,87.07,7.2,34.53,Mungbean
24.83,54.51,19.53,32.46,85.88,6.96,45.8,Mungbean
15.88,40.49,21.77,31.04,84.65,6.71,45.59,Mungbean
32.85,45.4,16.65,32.49,84.49,6.86,57.55,Mungbean
24.85,49.31,17.05,30.56,86.52,6.34,48.76,Mungbean
25.76,47.76,22.59,31.67,88.7,6.53,48.35,Mungbean
25.63,40.82,22.39,35.65,84.96,7.01,48.03,Mungbean
19.65,36.12,18.24,28.22,89.26,6.81,45.34,Mungbean
31.67,40.49,18.08,31.14,87.57,7.01,49.05,Mungbean
25.59,50.0,20.5,28.94,85.12,6.5,48.01,Mungbean
21.4,63.37,19.9,28.19,84.66,7.02,57.96,Mungbean
20.58,37.61,22.04,28.24,83.91,6.77,47.06,Mungbean
30.17,43.23,19.32,30.97,85.37,6.88,50.23,Mungbean
31.33,49.95,21.13,27.84,85.13,7.01,52.06,Mungbean
19.81,43.38,18.56,32.07,87.58,6.72,53.17,Mungbean
25.93,46.72,19.47,32.49,85.81,7.59,42.17,Mungbean
28.89,44.19,17.83,30.98,85.34,7.8,46.35,Mungbean
16.52,49.21,14.81,30.82,85.04,7.11,53.59,Mungbean
21.22,46.56,18.08,28.74,85.77,6.44,44.91,Mungbean
17.54,50.94,24.5,28.4,80.37,6.81,47.6,Mungbean
26.64,44.71,19.5,31.74,87.6,6.21,45.19,Mungbean
26.6,41.76,24.33,29.73,84.9,7.03,43.8,Mungbean
11.15,44.82,22.57,30.33,82.88,7.15,45.43,Mungbean
21.17,48.43,21.93,35.76,87.07,7.23,44.34,Mungbean
17.31,47.89,20.27,28.84,84.56,6.98,49.75,Mungbean
28.78,49.32,18.73,29.97,82.0,7.43,47.58,Mungbean
23.31,41.7,27.34,28.85,83.93,6.99,51.25,Mungbean
32.18,58.8,21.27,28.89,84.36,6.95,60.43,Mungbean
14.52,55.02,20.45,32.68,84.75,6.58,52.19,Mungbean
29.91,53.58,19.97,29.8,81.1,7.12,50.15,Mungbean
17.76,44.13,18.83,28.03,82.96,6.48,44.92,Mungbean
19.46,37.33,25.06,33.51,83.05,6.94,50.11,Mungbean
33.93,42.38,22.73,29.9,81.66,7.09,55.57,Mungbean
44.41,40.0,21.75,30.18,86.96,6.37,39.61,Mungbean
19.18,47.99,18.4,32.32,87.57,7.04,57.62,Mungbean
28.12,39.89,23.41,29.79,87.28,7.36,50.35,Mungbean
13.78,41.76,23.31,30.66,85.2,7.1,51.85,Mungbean
27.09,46.2,19.22,32.72,86.38,6.77,54.26,Mungbean
24.03,42.18,18.1,29.04,84.32,7.25,42.47,Mungbean
26.41,43.4,19.35,27.98,84.45,6.79,50.88,Mungbean
26.67,40.01,22.71,31.42,85.5,6.85,44.26,Mungbean
26.63,50.47,15.63,29.92,84.36,6.93,54.96,Mungbean
19.21,44.39,18.72,29.4,84.13,7.1,40.91,Mungbean
28.21,36.86,18.6,30.34,89.19,6.76,33.74,Mungbean
10.01,47.71,21.53,31.75,85.42,7.23,44.13,Mungbean
31.71,37.3,17.74,27.39,84.31,6.83,48.21,Mungbean
25.46,41.7,19.52,28.01,88.41,6.75,44.44,Mungbean
36.92,39.74,17.19,28.81,84.83,6.99,52.12,Mungbean
44.29,33.44,21.52,29.89,83.53,6.65,41.82,Mungbean
37.63,52.76,20.06,33.7,81.22,6.42,33.89,Mungbean
19.75,48.51,20.26,31.3,81.47,7.11,49.0,Mungbean
30.5,35.67,20.78,28.62,84.01,7.02,48.07,Mungbean
18.61,47.54,16.17,33.3,84.49,7.21,44.21,Mungbean
21.07,42.72,22.19,29.58,86.61,6.73,35.15,Mungbean
20.72,40.13,20.08,28.62,87.31,6.82,46.39,Mungbean
29.92,53.52,19.95,29.46,80.57,6.63,43.64,Mungbean
25.8,45.34,21.72,29.77,84.86,7.23,49.64,Mungbean
24.55,43.74,18.42,29.3,83.65,7.1,46.11,Mungbean
14.88,58.55,20.8,28.19,83.9,6.89,58.15,Mungbean
16.69,53.6,23.5,29.74,84.31,6.51,46.23,Mungbean
24.73,51.62,22.73,29.5,80.08,6.84,49.33,Mungbean
26.87,45.46,20.31,34.03,85.95,6.73,44.37,Mungbean
23.73,57.73,19.54,30.96,83.79,7.21,59.75,Mungbean
28.38,48.02,20.09,26.23,86.86,6.89,50.18,Mungbean
19.66,45.1,18.97,33.04,84.05,7.53,50.19,Mungbean
15.43,46.7,18.37,26.61,89.0,7.08,50.83,Mungbean
26.24,38.86,18.79,32.68,82.37,6.03,46.08,Mungbean
23.94,48.35,21.82,32.28,85.65,7.24,38.01,Mungbean
28.78,51.42,16.9,27.99,83.14,6.63,52.21,Mungbean
20.39,42.15,18.47,33.24,85.03,6.79,46.81,Mungbean
34.69,42.82,23.29,31.42,84.6,7.66,40.9,Mungbean
22.35,39.8,22.38,34.38,89.17,7.25,46.26,Mungbean
22.26,37.06,25.09,31.94,83.77,7.28,41.42,Mungbean
28.05,46.42,21.6,30.87,81.37,6.87,54.06,Mungbean
24.78,52.34,17.39,30.95,83.44,7.09,47.7,Mungbean
30.18,54.3,21.73,31.55,82.5,6.85,44.17,Mungbean
22.42,45.16,17.55,27.09,83.33,6.91,39.07,Mungbean
25.12,59.38,22.56,34.29,85.98,7.23,42.98,Mungbean
20.17,30.38,22.97,34.08,83.62,6.77,42.79,Mungbean
27.87,54.53,15.64,31.82,84.31,6.89,50.37,Mungbean
23.59,46.85,19.47,32.94,86.05,6.92,39.56,Mungbean
22.16,53.12,20.09,32.32,89.42,7.19,48.08,Mungbean
21.17,31.54,19.58,30.35,85.98,6.8,45.5,Mungbean
11.65,41.63,21.19,34.43,84.76,6.96,53.45,Mungbean
18.92,49.79,18.15,32.73,85.38,6.95,42.61,Mungbean
30.3,60.53,17.48,30.32,85.58,7.11,44.0,Mungbean
3.75,55.99,21.9,27.51,83.48,7.36,56.55,Mungbean
32.04,46.4,20.21,30.74,87.82,6.57,42.46,Mungbean
32.58,47.22,23.45,29.66,84.86,6.55,47.55,Mungbean
13.91,44.45,16.41,32.39,86.79,6.29,55.84,Mungbean
43.73,47.79,18.4,36.65,81.7,6.86,48.62,Mungbean
35.09,49.75,18.75,29.1,84.15,6.52,47.8,Mungbean
20.77,38.16,23.14,30.0,81.83,6.8,47.93,Mungbean
11.9,49.57,17.38,34.42,86.31,6.72,42.84,Mungbean
24.21,51.33,19.94,30.57,85.15,6.65,45.35,Mungbean
9.36,53.59,20.75,29.45,89.75,6.88,41.02,Mungbean
31.43,49.99,20.99,30.15,86.13,6.76,50.97,Mungbean
10.71,44.79,24.31,29.47,83.49,6.7,39.91,Mungbean
8.44,46.06,20.34,30.89,84.64,6.86,53.89,Mungbean
23.57,43.91,19.3,32.16,88.53,6.65,48.12,Mungbean
27.54,41.3,20.05,28.07,80.58,6.97,45.1,Mungbean
26.52,47.39,17.56,30.91,81.92,7.3,39.03,Mungbean
23.53,40.99,21.43,30.34,83.7,7.13,47.68,Mungbean
28.87,41.37,16.49,31.21,84.2,7.05,47.0,Mungbean
26.54,37.35,24.72,30.67,86.74,6.58,49.43,Mungbean
15.23,50.33,19.11,31.06,86.74,6.45,43.22,Mungbean
28.43,60.61,19.65,32.18,84.73,7.48,36.58,Mungbean
25.71,37.34,13.73,31.59,85.35,6.76,46.84,Mungbean
48.24,45.89,21.28,29.7,85.74,6.77,44.93,Mungbean
38.64,54.86,20.34,26.39,84.1,7.73,46.06,Mungbean
33.27,56.51,20.55,29.32,78.91,7.07,42.41,Mungbean
26.32,39.69,19.34,31.07,85.67,6.49,54.98,Mungbean
20.52,37.03,19.73,31.07,85.4,7.29,46.02,Mungbean
24.1,40.61,22.05,31.37,83.95,6.23,56.53,Mungbean
15.79,43.8,20.9,28.61,81.27,6.16,52.01,Mungbean
20.91,65.8,17.51,29.16,83.59,6.93,44.56,Mungbean
29.59,41.38,16.55,27.4,79.44,6.68,45.62,Mungbean
20.26,55.27,23.07,30.33,80.52,6.67,43.75,Mungbean
20.07,43.14,18.37,30.23,83.41,6.92,49.75,Mungbean
18.17,55.44,17.55,27.76,85.95,6.58,49.51,Mungbean
15.96,76.2,21.68,26.25,61.3,7.69,64.73,Blackgram
31.66,53.34,19.12,29.43,66.79,6.7,61.8,Blackgram
44.51,73.79,16.07,32.7,65.09,7.5,67.24,Blackgram
14.78,66.55,22.65,27.77,64.03,7.09,56.63,Blackgram
56.71,61.87,21.26,29.78,68.14,7.28,66.62,Blackgram
31.06,72.49,15.32,31.61,62.25,7.56,68.1,Blackgram
46.44,68.01,15.62,27.85,66.68,7.2,71.93,Blackgram
44.03,61.46,18.01,30.26,59.21,7.69,69.16,Blackgram
52.27,57.62,23.11,35.58,61.7,7.4,67.5,Blackgram
24.56,70.58,22.08,28.5,67.91,6.61,61.89,Blackgram
41.37,67.66,18.21,32.02,66.33,7.43,67.04,Blackgram
46.03,64.71,25.13,27.97,70.26,7.16,62.34,Blackgram
53.68,68.29,22.13,33.06,65.84,6.96,71.16,Blackgram
40.01,71.79,14.62,31.12,63.4,7.69,69.84,Blackgram
42.4,70.54,17.5,34.06,69.98,7.28,73.46,Blackgram
34.31,62.52,20.1,31.09,64.02,7.32,68.65,Blackgram
30.02,70.74,22.16,30.43,67.88,6.75,69.25,Blackgram
28.3,60.54,18.42,27.64,63.63,7.08,70.64,Blackgram
36.79,57.59,22.85,27.91,64.85,7.3,68.25,Blackgram
50.94,70.49,17.85,35.45,65.49,7.1,71.11,Blackgram
42.49,70.0,26.23,29.31,64.21,7.19,71.52,Blackgram
24.93,55.22,18.53,25.92,63.94,7.31,64.16,Blackgram
25.73,67.93,22.16,25.76,67.05,7.42,71.08,Blackgram
52.18,81.26,19.11,30.27,63.96,7.15,73.25,Blackgram
26.55,62.12,23.44,32.55,64.09,7.43,68.78,Blackgram
55.0,67.97,22.56,36.61,66.5,7.17,70.21,Blackgram
36.35,82.42,20.45,29.32,62.91,7.51,70.75,Blackgram
35.03,71.1,16.23,30.46,66.13,7.7,64.61,Blackgram
27.22,61.9,16.66,33.34,68.87,7.25,72.08,Blackgram
41.34,66.91,19.17,29.22,61.13,7.24,67.35,Blackgram
47.45,68.08,19.59,27.82,65.18,7.39,63.21,Blackgram
40.87,68.96,18.2,28.53,65.58,6.78,68.81,Blackgram
31.05,74.14,25.84,27.85,66.34,6.91,71.4,Blackgram
27.35,70.5,17.82,29.48,62.42,7.42,64.36,Blackgram
45.52,65.35,19.71,30.37,63.1,7.22,73.24,Blackgram
32.22,74.82,23.75,27.96,61.36,7.25,65.45,Blackgram
58.69,67.72,17.99,27.13,67.72,6.96,67.66,Blackgram
49.56,64.47,19.89,29.96,66.71,7.34,66.67,Blackgram
40.64,65.18,16.31,30.64,69.73,6.86,64.6,Blackgram
31.29,72.03,21.12,29.6,62.7,7.18,61.63,Blackgram
41.43,72.95,16.87,26.17,68.95,6.95,71.76,Blackgram
38.46,66.49,21.1,27.79,65.33,7.03,62.55,Blackgram
43.37,65.85,19.61,26.97,68.98,7.43,71.12,Blackgram
36.95,56.69,24.88,29.85,63.13,7.29,71.88,Blackgram
39.77,75.49,22.71,27.31,63.32,7.46,57.33,Blackgram
38.51,58.56,18.81,29.25,64.1,6.97,63.39,Blackgram
62.92,79.17,17.09,33.96,64.0,7.19,67.26,Blackgram
33.4,73.65,20.31,28.81,61.74,6.86,61.34,Blackgram
40.12,60.02,19.34,33.43,68.0,7.14,67.17,Blackgram
58.8,70.75,19.18,26.43,65.98,7.42,65.13,Blackgram
42.91,65.23,19.54,23.78,64.45,7.47,65.13,Blackgram
40.53,62.78,20.9,29.46,62.65,7.58,70.98,Blackgram
33.95,70.61,21.34,31.61,60.76,7.48,65.36,Blackgram
36.42,83.99,20.75,29.03,59.49,7.6,62.46,Blackgram
29.97,65.43,23.54,31.93,64.61,7.25,65.25,Blackgram
41.4,67.96,22.42,32.42,66.23,7.03,70.28,Blackgram
39.08,60.74,18.99,30.21,67.28,7.09,62.97,Blackgram
40.57,68.21,20.46,32.3,67.55,6.96,65.19,Blackgram
29.6,71.87,23.62,29.21,64.4,7.63,69.4,Blackgram
44.36,60.06,21.7,27.68,62.16,7.04,65.3,Blackgram
37.78,58.49,22.4,32.82,60.13,7.47,64.46,Blackgram
48.57,67.07,20.07,29.54,68.03,6.75,69.78,Blackgram
51.01,71.98,25.81,28.68,67.39,7.12,72.13,Blackgram
39.92,65.08,23.27,28.77,61.47,6.98,69.82,Blackgram
53.92,68.19,23.3,26.6,63.89,7.06,67.07,Blackgram
40.84,71.82,18.89,30.35,64.89,6.85,67.07,Blackgram
38.56,66.47,20.08,30.19,63.92,7.56,63.11,Blackgram
32.79,84.87,17.41,26.62,66.84,6.47,66.62,Blackgram
61.46,57.84,15.05,26.25,67.25,7.52,65.58,Blackgram
46.83,76.19,24.47,29.38,59.25,6.88,65.9,Blackgram
37.41,66.33,22.8,33.19,64.57,7.51,68.84,Blackgram
40.65,73.17,20.18,35.14,61.4,6.98,67.03,Blackgram
44.39,75.42,19.94,26.44,67.11,7.4,60.22,Blackgram
39.96,57.56,18.34,27.74,67.02,7.19,62.68,Blackgram
48.8,58.54,20.83,27.96,64.09,7.31,69.46,Blackgram
53.37,66.99,20.77,28.91,65.45,7.29,67.13,Blackgram
21.96,69.57,20.91,28.3,61.79,7.63,69.34,Blackgram
37.71,60.39,17.95,33.26,65.34,6.97,69.41,Blackgram
31.86,76.88,23.38,28.83,63.43,6.3,61.94,Blackgram
26.61,68.34,19.18,26.64,64.3,7.31,69.48,Blackgram
21.0,66.7,16.54,32.25,66.96,6.86,64.63,Blackgram
35.39,53.42,20.84,29.32,67.43,6.79,65.18,Blackgram
24.93,61.22,17.05,32.49,63.25,7.19,66.07,Blackgram
27.31,66.45,21.5,26.98,67.02,6.87,65.69,Blackgram
45.31,63.35,20.09,29.21,65.32,6.38,60.64,Blackgram
46.16,73.98,17.72,29.39,65.74,7.38,59.9,Blackgram
31.14,65.42,21.76,36.25,64.43,6.69,69.01,Blackgram
53.21,68.18,17.73,32.39,66.66,6.82,68.93,Blackgram
49.97,74.89,19.83,29.1,68.07,6.76,69.14,Blackgram
26.3,74.16,19.35,33.17,66.23,6.75,72.84,Blackgram
55.51,73.01,18.1,29.23,65.36,6.92,73.85,Blackgram
41.44,50.6,20.85,29.13,64.81,7.03,70.53,Blackgram
51.2,69.27,19.15,29.9,65.05,6.89,69.67,Blackgram
44.6,77.13,23.14,28.29,67.05,6.84,70.11,Blackgram
34.83,61.1,20.7,23.31,60.62,7.09,67.81,Blackgram
36.31,57.63,17.96,30.98,66.45,7.14,71.84,Blackgram
43.97,62.83,19.3,26.49,64.73,7.51,70.07,Blackgram
54.02,65.61,23.37,29.52,68.68,7.14,70.15,Blackgram
54.75,66.29,20.55,33.22,64.67,6.72,75.54,Blackgram
35.3,68.49,22.89,28.48,62.48,7.23,60.78,Blackgram
37.12,69.03,19.33,26.14,68.99,7.18,72.87,Blackgram
37.4,62.0,20.67,29.46,62.06,7.63,65.17,Blackgram
21.6,75.8,18.74,28.48,60.59,7.72,62.66,Blackgram
40.58,73.2,21.05,29.85,60.75,6.89,68.2,Blackgram
32.13,68.77,21.7,32.41,61.93,7.86,70.38,Blackgram
39.98,74.31,25.91,26.4,64.44,6.38,68.22,Blackgram
43.65,67.26,18.36,24.88,65.93,7.62,65.28,Blackgram
44.4,57.7,21.14,29.02,63.09,6.9,66.02,Blackgram
43.82,59.3,19.01,29.9,62.25,7.73,64.3,Blackgram
33.31,61.39,24.5,31.38,62.66,7.51,68.25,Blackgram
42.57,65.35,18.13,30.84,63.64,7.74,62.74,Blackgram
55.36,66.8,20.75,32.08,63.42,7.43,57.35,Blackgram
32.8,61.72,16.87,29.46,65.96,7.38,68.4,Blackgram
33.34,69.81,20.31,32.34,66.94,7.16,64.14,Blackgram
33.47,64.06,19.21,30.67,66.79,7.13,67.56,Blackgram
41.43,64.28,17.69,25.61,63.26,7.3,64.86,Blackgram
37.62,70.42,21.3,27.3,67.49,7.52,63.26,Blackgram
31.76,74.94,19.63,24.45,61.5,7.07,63.14,Blackgram
35.87,67.7,23.66,29.27,67.68,7.61,72.88,Blackgram
42.85,55.23,21.15,32.62,64.8,7.72,70.72,Blackgram
29.26,74.29,20.83,17.14,63.75,6.7,40.96,Lentil
23.32,60.97,24.46,24.44,62.79,6.31,41.6,Lentil
29.61,70.69,22.03,22.08,72.34,5.86,36.45,Lentil
22.05,57.7,16.27,19.75,62.69,5.89,47.59,Lentil
21.2,66.38,22.24,20.16,64.34,6.39,35.29,Lentil
7.11,69.66,21.23,25.11,65.4,6.56,44.02,Lentil
27.23,77.92,14.69,22.22,70.34,6.36,53.25,Lentil
20.28,67.3,20.08,17.62,62.08,5.84,49.11,Lentil
31.54,69.53,22.06,21.21,68.0,6.25,45.29,Lentil
23.01,71.78,18.95,23.21,62.17,5.84,48.44,Lentil
24.34,64.66,22.23,20.44,64.5,6.77,52.7,Lentil
36.79,65.74,23.08,19.84,62.73,5.37,53.36,Lentil
18.52,66.71,17.72,22.72,64.06,5.76,47.21,Lentil
14.25,62.27,14.73,19.01,65.45,5.51,37.59,Lentil
24.98,64.1,24.98,24.71,62.83,6.46,48.75,Lentil
20.52,58.15,19.97,21.2,63.91,6.42,41.25,Lentil
16.36,68.18,20.96,19.44,67.32,5.59,42.11,Lentil
23.06,63.52,18.59,24.77,62.87,7.17,47.19,Lentil
25.69,70.48,26.32,19.76,62.2,5.97,45.16,Lentil
12.06,67.64,24.23,21.76,64.27,6.02,49.49,Lentil
18.81,79.04,24.83,21.95,64.97,6.64,50.47,Lentil
18.96,64.21,16.69,22.22,66.67,5.74,42.72,Lentil
14.9,61.88,21.38,20.22,64.25,5.64,45.93,Lentil
24.67,62.94,19.53,21.82,62.96,5.7,54.03,Lentil
20.25,66.9,22.53,27.68,61.89,6.42,41.46,Lentil
20.96,63.0,17.19,21.43,61.31,6.61,45.28,Lentil
28.17,64.59,19.08,22.0,62.09,6.12,40.7,Lentil
18.32,54.31,23.35,20.3,67.91,6.65,38.57,Lentil
16.84,83.5,24.38,21.44,65.64,6.01,47.16,Lentil
19.62,54.8,16.7,21.54,62.17,6.22,39.63,Lentil
19.13,72.83,20.62,21.48,67.2,6.43,52.23,Lentil
21.55,64.81,16.75,20.75,67.41,6.74,49.8,Lentil
11.54,74.27,15.4,23.07,64.08,6.51,38.34,Lentil
33.78,58.34,18.33,19.75,60.61,6.29,54.03,Lentil
45.0,68.11,22.79,21.91,66.25,6.12,45.98,Lentil
29.03,63.88,19.81,21.4,67.07,5.85,44.74,Lentil
39.34,74.78,23.37,21.54,65.8,6.63,52.8,Lentil
10.36,59.28,23.27,21.02,63.32,5.78,42.22,Lentil
14.48,80.57,19.94,21.4,66.47,6.61,49.73,Lentil
33.05,63.56,19.26,22.85,63.68,6.25,46.99,Lentil
30.89,56.39,21.79,21.09,66.77,6.54,53.04,Lentil
35.15,75.92,23.61,22.01,65.08,6.58,48.66,Lentil
22.68,70.03,19.91,20.01,68.23,6.27,55.24,Lentil
12.81,64.02,20.08,23.49,66.0,6.37,39.36,Lentil
16.32,69.52,16.59,20.57,66.25,5.88,53.03,Lentil
34.18,57.68,17.67,17.5,63.04,6.54,42.93,Lentil
28.46,57.99,21.99,20.53,65.03,6.22,38.64,Lentil
16.35,73.55,21.0,23.34,65.81,6.3,36.37,Lentil
22.97,67.33,24.88,22.7,68.84,6.47,41.44,Lentil
25.88,68.98,17.65,20.83,64.49,6.85,34.6,Lentil
34.04,61.65,16.57,23.56,66.83,6.72,49.0,Lentil
40.45,70.99,19.61,22.1,68.11,5.96,41.74,Lentil
22.68,54.35,20.35,18.2,65.13,6.57,42.62,Lentil
37.58,58.37,22.98,22.68,60.71,7.27,44.68,Lentil
18.42,58.71,19.45,21.28,65.26,6.14,48.17,Lentil
22.09,55.41,19.63,17.36,65.88,5.88,45.82,Lentil
34.86,61.57,22.65,20.74,69.38,6.11,40.8,Lentil
30.15,64.78,17.9,20.66,64.89,6.75,35.33,Lentil
25.17,71.41,20.48,23.79,64.81,6.18,47.96,Lentil
25.74,65.06,21.29,20.36,63.47,6.05,51.77,Lentil
0.84,69.97,20.09,18.56,65.77,6.43,47.95,Lentil
5.11,76.04,18.16,22.7,66.85,5.92,48.3,Lentil
22.11,54.55,22.92,20.14,62.86,6.1,46.36,Lentil
24.57,70.93,16.65,20.2,64.71,6.96,44.43,Lentil
33.14,67.74,18.79,21.07,64.58,6.48,51.87,Lentil
27.7,74.92,17.59,20.77,63.19,6.37,43.21,Lentil
30.47,61.68,20.11,22.7,59.84,7.05,43.58,Lentil
9.81,68.49,20.08,21.36,67.48,6.53,46.49,Lentil
28.38,66.85,24.44,18.91,65.35,6.27,49.07,Lentil
18.67,56.6,20.39,21.99,68.72,5.77,50.77,Lentil
42.76,65.14,16.77,20.79,65.04,6.46,42.04,Lentil
36.66,60.53,15.65,23.44,59.31,6.17,60.59,Lentil
24.91,60.5,19.86,21.41,65.4,6.5,39.8,Lentil
37.66,69.03,21.82,20.4,68.22,6.15,46.39,Lentil
18.0,61.27,21.72,20.72,62.87,6.01,48.49,Lentil
20.28,66.76,20.04,18.14,61.32,6.38,41.31,Lentil
32.93,73.54,21.8,24.68,64.79,6.49,42.08,Lentil
43.39,79.9,20.03,22.18,68.4,6.19,41.72,Lentil
31.55,67.99,20.46,20.04,60.71,6.34,49.52,Lentil
23.31,76.48,18.24,19.65,64.83,6.22,48.85,Lentil
19.19,76.05,24.92,21.43,68.12,5.85,50.38,Lentil
32.85,72.9,19.96,16.33,63.4,6.02,40.11,Lentil
25.92,64.88,17.94,19.65,63.21,6.67,41.69,Lentil
21.14,64.65,20.85,22.3,57.39,6.63,52.18,Lentil
17.12,61.42,18.87,20.18,65.56,5.52,39.41,Lentil
36.54,61.7,23.11,22.12,60.48,6.49,44.41,Lentil
21.58,69.03,21.19,22.74,67.95,6.4,38.12,Lentil
21.45,85.89,21.81,25.65,68.49,6.34,46.51,Lentil
24.73,56.64,20.05,23.62,63.5,6.4,49.26,Lentil
18.18,64.68,17.46,20.06,61.78,5.91,52.1,Lentil
18.13,68.29,18.74,23.56,68.28,6.57,46.53,Lentil
23.27,60.05,24.86,20.17,66.66,6.65,42.22,Lentil
32.79,72.28,24.32,20.68,61.79,6.06,46.04,Lentil
25.44,65.04,15.23,22.32,69.93,6.42,48.05,Lentil
29.29,69.98,22.33,22.19,64.22,5.95,43.76,Lentil
27.36,65.52,20.79,22.27,67.08,6.73,45.39,Lentil
15.19,65.34,20.11,18.29,68.47,6.3,46.91,Lentil
35.24,63.56,21.44,21.31,64.54,5.96,53.33,Lentil
22.18,71.87,15.31,23.56,67.63,6.29,43.87,Lentil
28.0,81.8,15.59,22.87,62.72,6.24,43.76,Lentil
21.79,67.43,17.16,23.3,60.51,6.45,43.37,Lentil
16.22,68.76,16.11,21.57,61.44,6.42,40.38,Lentil
21.62,69.34,18.07,21.4,61.22,6.49,53.82,Lentil
45.94,68.07,21.97,18.38,68.76,6.54,42.58,Lentil
34.28,65.91,18.85,22.33,62.34,6.63,39.72,Lentil
17.12,61.81,21.9,20.42,61.63,6.02,44.84,Lentil
16.14,60.3,25.28,19.99,64.19,6.11,42.89,Lentil
29.66,73.43,19.24,19.34,68.19,6.21,53.65,Lentil
8.16,68.72,24.8,20.88,64.44,6.36,42.21,Lentil
22.66,65.39,18.43,23.65,66.15,6.34,49.04,Lentil
23.02,62.66,18.49,21.5,62.35,6.06,42.42,Lentil
40.93,50.16,19.55,24.52,65.3,6.53,45.5,Lentil
19.99,53.49,20.51,20.14,63.0,6.06,53.72,Lentil
43.04,68.86,18.84,19.44,66.17,6.92,43.76,Lentil
7.16,71.69,22.46,18.72,65.44,6.42,44.63,Lentil
19.07,73.85,18.99,18.9,59.88,6.72,48.08,Lentil
25.66,64.75,18.68,19.62,63.92,5.45,41.32,Lentil
22.67,71.31,19.9,22.89,68.37,6.65,47.35,Lentil
25.09,61.37,21.85,24.44,65.86,6.97,37.37,Lentil
16.34,72.85,20.66,23.8,64.96,5.92,43.93,Lentil
18.5,14.36,49.86,23.03,90.91,5.64,106.16,Pomegranate
20.81,25.88,42.08,19.6,90.07,6.18,113.06,Pomegranate
24.49,13.0,34.24,21.45,88.6,5.79,111.96,Pomegranate
35.0,19.86,51.82,22.66,87.94,5.98,110.57,Pomegranate
32.97,20.85,40.77,22.56,88.11,6.45,112.93,Pomegranate
25.04,12.14,39.74,23.24,90.64,6.44,105.59,Pomegranate
33.64,15.75,46.53,20.22,87.76,6.18,106.09,Pomegranate
29.63,21.18,26.56,20.09,89.02,7.25,103.45,Pomegranate
31.22,27.48,38.44,22.19,87.99,6.25,104.49,Pomegranate
24.51,33.61,49.22,23.43,91.23,5.7,108.98,Pomegranate
38.05,15.73,49.83,22.73,94.63,6.29,103.38,Pomegranate
27.29,27.18,35.86,17.88,90.22,6.28,107.53,Pomegranate
37.09,17.24,35.63,25.08,87.51,5.97,111.64,Pomegranate
27.12,19.68,47.41,23.4,89.17,7.26,99.49,Pomegranate
35.7,15.8,51.86,21.75,88.32,6.83,110.85,Pomegranate
34.81,14.85,42.58,21.49,89.9,6.87,99.94,Pomegranate
32.51,18.55,40.81,20.2,89.46,4.7,104.87,Pomegranate
23.43,22.66,40.97,21.12,93.86,7.0,110.88,Pomegranate
26.25,22.72,43.83,21.16,91.02,6.2,113.1,Pomegranate
28.8,23.09,52.28,23.31,86.48,6.72,110.69,Pomegranate
36.69,14.43,41.71,23.24,88.1,6.35,113.41,Pomegranate
29.64,16.37,40.61,22.08,86.67,6.38,108.75,Pomegranate
39.74,23.34,41.43,23.56,89.25,5.88,106.85,Pomegranate
40.79,20.83,45.06,24.37,86.42,5.86,101.44,Pomegranate
32.79,20.83,52.71,21.93,88.99,6.5,107.94,Pomegranate
17.46,33.55,47.6,21.87,91.54,6.85,106.97,Pomegranate
25.27,23.0,46.93,20.08,93.55,6.65,110.24,Pomegranate
40.44,20.11,46.58,22.92,88.19,6.53,107.97,Pomegranate
22.83,31.59,37.96,19.23,93.29,6.86,103.65,Pomegranate
34.55,27.34,44.85,26.05,85.69,6.85,111.87,Pomegranate
36.69,18.98,43.55,22.28,92.04,6.8,111.4,Pomegranate
22.36,18.86,40.3,20.82,92.54,6.55,117.28,Pomegranate
31.45,20.3,45.53,20.38,89.86,7.06,107.93,Pomegranate
24.05,15.37,42.75,21.63,92.98,5.83,106.3,Pomegranate
31.08,10.83,40.83,20.31,88.01,6.6,106.9,Pomegranate
25.84,22.14,53.62,24.37,85.19,6.79,106.83,Pomegranate
31.16,18.01,45.59,21.76,88.55,6.05,105.82,Pomegranate
31.76,22.99,49.27,20.64,90.71,6.98,111.87,Pomegranate
29.56,18.9,45.96,19.49,89.52,6.87,109.91,Pomegranate
27.97,21.09,40.88,22.73,89.81,6.36,106.14,Pomegranate
29.53,17.76,48.29,20.81,93.98,7.23,104.16,Pomegranate
30.52,16.75,43.37,25.0,89.23,6.68,109.53,Pomegranate
22.5,15.72,38.97,19.95,82.87,6.77,115.2,Pomegranate
31.11,12.92,41.79,20.7,87.46,6.93,110.54,Pomegranate
21.33,23.63,52.63,24.83,97.16,6.05,118.09,Pomegranate
27.34,17.04,46.64,20.48,91.0,5.84,106.6,Pomegranate
39.64,19.71,45.71,22.33,92.93,5.67,109.69,Pomegranate
27.99,20.83,50.3,19.41,87.47,5.53,105.44,Pomegranate
39.98,19.4,38.3,20.65,86.28,5.94,108.96,Pomegranate
21.2,25.56,44.64,21.65,89.3,6.89,110.44,Pomegranate
32.51,22.82,43.94,22.45,89.16,6.5,106.47,Pomegranate
26.57,16.55,47.34,23.79,92.93,5.87,112.33,Pomegranate
27.61,23.0,40.47,21.75,90.78,5.76,109.78,Pomegranate
40.09,19.13,51.8,21.17,92.12,5.39,116.57,Pomegranate
41.22,18.58,35.14,22.0,86.39,6.72,109.04,Pomegranate
22.94,25.6,49.03,23.21,90.02,5.79,111.17,Pomegranate
27.97,13.05,51.76,25.17,89.9,7.58,107.84,Pomegranate
27.15,16.85,53.19,20.13,91.84,6.22,105.77,Pomegranate
37.73,18.1,42.98,23.48,93.99,6.82,105.04,Pomegranate
26.17,20.4,46.6,19.77,91.81,6.54,101.07,Pomegranate
23.03,17.48,44.64,24.81,90.6,6.08,108.33,Pomegranate
27.36,21.62,47.9,23.62,89.94,7.32,110.91,Pomegranate
24.69,31.05,46.63,20.04,94.13,7.54,107.38,Pomegranate
26.22,19.14,48.57,23.74,91.43,6.55,113.12,Pomegranate
27.65,25.15,43.56,22.25,89.72,6.47,106.08,Pomegranate
40.09,16.34,41.3,25.21,92.44,5.31,105.38,Pomegranate
16.41,15.25,29.31,21.26,87.15,6.53,101.41,Pomegranate
30.62,17.93,52.51,23.97,91.96,6.34,114.95,Pomegranate
18.35,12.98,44.58,25.44,89.49,6.41,102.09,Pomegranate
37.09,24.77,48.95,20.4,88.23,5.85,107.81,Pomegranate
21.9,14.11,42.88,20.64,88.66,6.73,107.8,Pomegranate
27.84,20.92,40.04,21.68,90.38,5.75,111.23,Pomegranate
23.39,20.45,50.82,23.12,90.09,6.32,111.05,Pomegranate
35.06,16.91,41.03,17.87,90.39,6.46,111.76,Pomegranate
32.69,26.67,41.51,23.49,88.68,6.89,102.03,Pomegranate
31.76,10.08,43.66,22.27,88.7,5.97,110.67,Pomegranate
29.22,17.55,45.21,26.11,92.88,7.08,109.13,Pomegranate
31.25,8.02,41.61,20.66,85.31,5.92,100.07,Pomegranate
29.71,24.09,50.53,22.23,87.59,5.53,100.91,Pomegranate
20.48,15.56,44.2,19.73,90.85,6.38,107.54,Pomegranate
38.55,14.1,47.09,21.48,89.17,6.94,110.8,Pomegranate
22.9,19.09,46.41,21.02,91.46,6.64,114.37,Pomegranate
18.52,19.39,40.46,22.56,85.96,6.67,105.14,Pomegranate
24.49,12.77,42.67,23.4,89.94,6.81,113.74,Pomegranate
31.98,17.21,47.34,20.55,88.74,5.74,110.97,Pomegranate
27.1,20.91,39.82,22.26,88.1,6.43,110.79,Pomegranate
35.93,19.89,36.16,26.74,94.36,6.86,104.68,Pomegranate
29.15,17.28,51.32,21.96,88.04,6.26,111.7,Pomegranate
42.0,27.64,48.79,21.06,81.9,6.65,107.49,Pomegranate
31.05,20.27,38.37,22.48,91.58,6.84,111.05,Pomegranate
34.53,17.95,44.65,21.66,90.27,7.0,109.91,Pomegranate
45.58,31.03,45.4,14.79,93.09,6.23,104.49,Pomegranate
27.01,17.77,48.06,18.77,87.31,6.67,109.84,Pomegranate
34.81,16.06,40.11,20.61,90.6,7.24,99.82,Pomegranate
28.34,13.34,36.74,23.19,91.36,6.72,110.95,Pomegranate
26.4,17.84,55.93,21.07,91.84,6.5,100.57,Pomegranate
14.67,17.11,50.28,22.88,92.29,6.01,113.56,Pomegranate
22.76,21.06,44.95,21.2,93.35,6.15,102.44,Pomegranate
30.15,18.0,61.89,22.68,88.98,5.97,100.45,Pomegranate
22.31,20.57,52.14,23.46,90.57,6.34,108.51,Pomegranate
26.11,28.59,44.05,21.35,84.46,6.4,110.64,Pomegranate
21.99,16.25,48.96,18.92,92.64,6.23,106.04,Pomegranate
21.57,21.89,57.3,22.87,87.84,7.07,106.31,Pomegranate
40.31,24.03,30.28,19.74,92.36,6.58,103.66,Pomegranate
25.25,10.47,44.56,25.37,92.01,7.6,110.81,Pomegranate
37.71,29.87,46.89,21.17,92.58,7.23,105.7,Pomegranate
24.59,20.69,49.16,22.9,86.44,7.46,105.1,Pomegranate
28.01,15.49,58.49,21.92,87.87,6.93,110.38,Pomegranate
28.59,24.2,40.87,20.64,84.97,5.84,114.28,Pomegranate
42.31,20.33,53.31,21.22,89.39,6.53,107.03,Pomegranate
28.39,25.72,45.75,22.75,92.58,6.69,103.86,Pomegranate
19.85,20.74,44.14,21.65,89.96,7.79,102.51,Pomegranate
15.08,21.66,43.12,22.05,91.46,7.14,101.85,Pomegranate
25.82,22.14,48.85,25.34,92.39,6.47,104.16,Pomegranate
25.77,17.04,48.28,21.95,86.69,6.28,110.79,Pomegranate
32.64,22.84,46.91,24.35,90.59,6.31,104.07,Pomegranate
31.87,7.8,44.08,21.14,86.59,6.04,110.54,Pomegranate
31.73,20.51,46.53,21.66,93.11,6.56,102.03,Pomegranate
42.23,21.85,42.05,19.31,90.99,6.44,113.4,Pomegranate
27.41,15.81,49.48,23.12,90.42,6.84,107.36,Pomegranate
106.75,89.78,51.56,27.29,83.38,5.41,120.39,Banana
92.21,78.58,49.9,27.32,82.52,5.74,106.96,Banana
100.66,84.34,49.84,27.62,78.63,5.87,107.15,Banana
112.08,78.76,47.83,28.27,79.92,6.21,98.21,Banana
91.65,79.17,48.08,27.4,78.41,6.19,102.84,Banana
106.13,83.49,50.49,27.47,81.28,5.8,115.5,Banana
103.23,74.3,50.47,26.44,81.66,6.55,99.1,Banana
107.49,71.53,51.13,26.39,78.44,5.72,110.49,Banana
112.55,82.65,47.84,29.49,78.12,5.46,108.44,Banana
96.71,88.68,49.05,28.25,83.5,5.7,100.76,Banana
104.43,92.11,48.35,26.76,81.2,5.86,106.14,Banana
93.36,96.34,46.63,27.1,79.92,6.48,95.06,Banana
119.88,87.23,51.04,26.27,81.43,5.82,114.5,Banana
97.72,81.79,48.61,26.27,81.85,6.13,114.07,Banana
91.65,89.15,56.26,26.94,84.74,5.93,94.71,Banana
102.71,89.05,47.9,26.75,81.48,6.0,109.38,Banana
106.78,85.5,48.92,27.79,77.68,6.32,100.24,Banana
113.47,81.04,50.5,26.88,77.46,5.56,97.09,Banana
102.57,83.82,52.53,26.94,77.8,5.64,108.6,Banana
115.37,90.41,51.77,28.3,84.24,6.08,109.85,Banana
102.59,73.99,48.29,27.49,80.15,6.48,105.61,Banana
113.84,79.78,49.22,25.84,78.14,6.13,105.06,Banana
112.07,83.63,49.12,30.19,79.77,6.29,101.99,Banana
110.32,88.3,50.52,24.56,80.05,6.31,108.96,Banana
108.34,71.74,48.2,28.01,81.03,6.3,103.91,Banana
108.04,82.6,47.53,24.68,81.08,6.04,100.36,Banana
92.86,86.44,49.34,28.2,84.66,5.46,99.75,Banana
103.43,91.59,45.91,29.92,80.34,5.98,103.51,Banana
101.73,89.05,47.33,27.93,79.04,5.81,124.39,Banana
108.14,86.33,52.84,25.72,84.38,5.37,99.23,Banana
101.56,86.14,50.55,27.29,79.97,5.76,93.77,Banana
110.45,86.84,53.96,26.51,81.73,5.93,113.93,Banana
112.66,83.82,49.15,28.7,81.62,5.83,95.04,Banana
102.84,91.97,52.87,26.11,77.08,6.32,96.48,Banana
108.82,78.65,54.04,26.54,82.86,6.05,106.89,Banana
90.22,68.73,49.45,27.81,77.19,5.73,109.21,Banana
109.22,81.64,51.95,26.03,79.11,6.41,105.51,Banana
105.95,96.91,46.5,28.5,84.16,5.92,111.45,Banana
97.63,78.21,50.96,28.5,82.8,6.39,104.49,Banana
113.95,80.36,52.26,27.76,81.11,6.11,92.96,Banana
96.57,83.14,45.78,28.54,82.18,6.08,96.59,Banana
115.35,95.23,50.37,28.14,80.5,6.13,104.1,Banana
104.74,88.16,55.86,25.75,79.74,5.7,116.94,Banana
100.59,73.48,51.6,29.68,81.66,6.05,108.07,Banana
115.61,77.04,49.72,26.93,77.08,5.92,113.31,Banana
109.25,86.53,50.37,28.15,78.0,5.92,106.44,Banana
107.08,84.5,49.65,27.03,87.89,6.23,108.1,Banana
103.25,79.68,49.67,27.87,75.3,5.61,100.22,Banana
106.55,81.0,53.7,25.65,78.12,6.38,105.98,Banana
111.64,95.32,48.27,27.38,79.32,5.51,102.67,Banana
111.61,85.88,51.55,27.03,78.36,6.32,101.27,Banana
107.21,83.52,53.65,28.71,76.76,5.7,109.34,Banana
104.52,79.66,52.54,27.73,80.13,6.19,102.19,Banana
116.76,77.57,51.64,29.29,76.56,5.91,113.57,Banana
113.68,81.43,48.16,28.69,82.96,5.71,95.97,Banana
106.69,86.43,49.25,28.35,78.22,5.47,101.82,Banana
105.47,80.78,47.1,25.23,78.71,6.22,114.42,Banana
113.91,77.4,47.12,28.12,81.59,6.1,89.89,Banana
98.5,82.31,51.22,28.46,80.36,6.08,105.64,Banana
110.14,84.46,50.16,27.16,80.2,6.12,107.01,Banana
107.86,90.89,50.66,26.69,82.21,5.66,96.89,Banana
107.52,85.73,46.89,27.02,78.48,5.88,112.08,Banana
110.3,82.38,48.64,25.81,83.55,6.15,99.7,Banana
110.4,82.06,49.28,28.04,78.15,5.91,105.91,Banana
101.25,86.68,54.67,26.56,75.84,5.5,103.87,Banana
100.03,83.8,50.33,25.5,75.46,6.07,106.02,Banana
101.81,72.14,51.18,29.09,80.69,5.79,105.33,Banana
94.75,89.11,50.2,25.29,79.25,6.12,102.5,Banana
102.93,74.85,51.42,26.69,74.61,5.91,112.36,Banana
102.1,93.36,51.07,27.92,79.68,5.98,103.02,Banana
102.73,85.82,47.66,26.16,77.19,6.51,108.98,Banana
107.28,75.89,51.56,27.35,80.54,5.76,106.2,Banana
101.82,77.71,51.84,25.58,81.41,6.17,98.4,Banana
98.85,81.11,50.71,27.31,81.08,6.44,101.19,Banana
92.14,87.66,54.21,27.99,77.28,5.97,96.61,Banana
109.82,74.05,49.25,26.24,80.32,5.91,106.33,Banana
105.17,76.33,51.57,27.44,77.53,6.56,108.57,Banana
103.85,91.35,54.6,27.32,80.87,5.75,103.9,Banana
103.51,83.66,50.83,28.2,80.59,5.7,97.96,Banana
100.9,80.74,52.63,26.05,79.11,6.24,102.75,Banana
108.45,81.63,50.64,27.21,81.67,5.61,102.28,Banana
107.22,85.84,53.73,27.01,83.7,5.84,114.96,Banana
111.13,76.79,50.77,27.44,81.56,5.94,102.7,Banana
115.27,81.88,52.07,27.22,84.17,5.83,100.39,Banana
116.43,79.72,54.0,28.61,79.61,5.55,104.86,Banana
105.76,89.8,53.97,26.64,82.0,6.19,113.05,Banana
108.74,70.36,49.61,26.06,79.49,6.25,107.29,Banana
113.61,84.64,46.75,24.35,80.37,5.95,97.67,Banana
92.25,77.91,49.51,28.33,80.47,6.4,97.23,Banana
111.61,82.8,51.74,26.95,82.68,6.07,99.9,Banana
104.91,81.0,51.22,26.03,79.93,6.1,105.25,Banana
115.1,87.34,49.98,27.77,80.74,6.1,91.31,Banana
102.74,73.22,53.2,27.42,79.52,6.22,108.17,Banana
96.54,82.06,49.16,25.32,78.27,5.95,104.14,Banana
93.88,89.7,49.74,27.55,81.0,5.8,108.42,Banana
102.25,76.9,51.43,29.36,81.81,6.23,101.1,Banana
93.02,91.81,55.14,29.43,79.16,5.71,97.01,Banana
92.37,81.83,54.01,27.32,80.76,6.34,101.97,Banana
120.27,94.95,49.67,26.78,81.74,5.91,96.33,Banana
114.61,90.1,50.39,25.92,76.93,6.03,101.25,Banana
102.44,88.89,51.83,29.22,77.52,5.91,110.69,Banana
108.36,92.08,51.05,29.81,81.35,6.27,102.57,Banana
105.11,88.19,54.03,28.41,79.79,6.34,88.56,Banana
94.33,86.76,50.04,28.26,80.16,6.14,98.89,Banana
109.28,88.72,53.05,30.02,80.61,6.07,93.58,Banana
101.01,81.29,52.63,26.74,81.99,6.0,103.67,Banana
106.87,80.06,48.93,25.37,79.38,5.88,101.13,Banana
108.13,86.62,50.58,28.74,81.44,5.93,101.53,Banana
107.35,86.09,53.49,28.99,78.65,5.97,110.03,Banana
113.01,88.37,49.84,25.93,77.5,6.07,107.57,Banana
96.76,82.78,51.58,26.06,82.76,5.91,114.43,Banana
101.0,76.08,48.85,27.38,79.03,5.95,107.5,Banana
103.72,82.09,45.73,27.99,79.78,6.4,97.95,Banana
91.44,86.36,50.87,26.24,76.18,6.38,115.61,Banana
86.34,79.64,54.16,26.9,78.77,5.93,96.59,Banana
92.21,89.08,45.39,27.81,82.22,5.64,98.07,Banana
114.1,85.83,48.46,29.0,83.02,6.07,98.25,Banana
101.9,84.29,49.53,28.67,76.18,5.63,106.36,Banana
101.31,78.58,45.58,27.52,79.87,6.16,105.52,Banana
104.01,89.86,46.72,28.17,75.82,5.79,95.91,Banana
30.86,27.09,29.97,29.01,49.25,5.27,96.92,Mango
17.57,35.81,25.81,29.69,54.19,5.48,88.43,Mango
26.64,24.53,27.91,29.03,56.92,5.59,85.37,Mango
36.2,31.32,28.08,29.4,51.68,5.6,85.37,Mango
38.4,24.79,33.74,34.38,47.5,6.4,91.74,Mango
11.0,24.85,30.99,30.46,49.23,6.46,95.53,Mango
18.68,31.89,30.49,25.83,51.07,5.99,95.1,Mango
31.69,23.3,30.84,27.97,51.02,6.97,90.03,Mango
19.3,23.06,30.32,29.11,51.05,6.28,97.67,Mango
11.74,33.72,32.34,33.37,50.93,5.89,100.16,Mango
39.43,21.54,32.7,31.31,49.68,4.79,93.58,Mango
17.52,24.6,27.25,30.49,48.98,5.81,86.93,Mango
14.16,29.76,28.01,33.92,50.56,6.13,102.05,Mango
22.68,23.91,32.18,32.65,49.53,6.62,93.94,Mango
25.25,27.63,27.66,31.67,53.49,6.03,95.16,Mango
23.79,29.57,31.87,32.87,49.17,5.95,97.4,Mango
17.45,28.55,24.6,32.59,51.65,6.22,93.02,Mango
27.32,36.4,33.53,31.43,50.35,6.44,87.5,Mango
22.58,35.85,32.44,32.33,46.24,5.72,92.05,Mango
27.48,22.44,27.44,26.85,53.05,5.5,95.79,Mango
24.98,20.83,26.85,29.24,48.19,5.98,91.02,Mango
38.1,33.92,32.02,31.23,53.79,5.61,94.84,Mango
26.27,31.89,31.59,30.43,48.67,6.15,98.58,Mango
22.05,17.58,29.48,32.9,54.51,5.0,92.87,Mango
22.08,35.97,29.91,29.46,51.4,5.5,88.88,Mango
18.3,38.34,30.96,31.74,49.38,5.93,96.4,Mango
27.19,28.22,32.17,31.55,47.56,5.37,85.1,Mango
40.2,32.89,27.92,30.87,48.41,6.71,87.9,Mango
25.86,26.82,32.07,31.27,45.6,5.59,90.14,Mango
25.6,36.46,25.65,29.7,48.62,5.51,98.7,Mango
23.7,30.1,28.44,32.02,51.94,5.29,98.91,Mango
25.39,34.03,29.5,32.36,49.9,5.69,96.29,Mango
29.03,19.69,33.58,27.32,48.29,5.69,97.06,Mango
36.82,15.89,28.73,26.71,50.08,5.92,102.95,Mango
25.9,34.03,31.46,30.52,46.48,5.92,87.54,Mango
34.71,26.49,32.99,30.42,50.67,5.88,94.77,Mango
21.76,29.95,27.68,28.78,53.11,6.2,95.33,Mango
37.49,25.83,33.31,31.9,47.44,6.91,99.95,Mango
24.09,32.04,28.99,33.37,44.02,5.11,99.9,Mango
23.13,28.8,26.63,35.66,52.98,5.62,92.98,Mango
32.72,39.89,32.38,36.39,47.69,5.24,89.06,Mango
28.31,28.6,29.62,33.32,53.08,4.8,92.02,Mango
31.15,24.58,28.0,33.79,46.78,5.56,96.64,Mango
20.7,32.39,28.58,34.67,49.69,6.17,98.73,Mango
20.29,14.67,30.9,31.66,51.39,5.61,92.85,Mango
40.06,18.3,31.83,30.21,49.16,5.55,90.98,Mango
29.28,36.19,31.18,31.73,47.53,6.07,105.78,Mango
22.14,25.15,28.6,30.4,43.14,6.0,90.77,Mango
12.92,32.21,27.29,30.74,53.67,4.87,87.34,Mango
27.02,34.68,26.06,32.42,51.45,4.46,98.99,Mango
31.57,25.55,33.13,34.06,50.26,5.47,90.14,Mango
24.72,31.06,29.19,26.56,53.17,5.87,93.1,Mango
31.43,37.03,23.0,32.48,46.43,6.06,95.64,Mango
29.77,24.38,25.32,30.49,51.02,6.38,89.14,Mango
32.7,23.45,30.91,30.35,50.46,6.31,88.86,Mango
19.9,28.66,36.0,29.56,55.1,7.0,94.51,Mango
22.76,23.17,29.83,28.33,49.81,6.69,91.94,Mango
23.19,16.87,30.94,32.1,50.16,5.61,93.54,Mango
28.76,27.32,30.79,31.98,52.81,6.17,95.96,Mango
36.39,30.13,33.26,32.87,45.4,6.57,95.68,Mango
24.61,29.26,29.14,32.01,48.52,6.55,94.43,Mango
22.13,21.72,30.67,31.92,50.97,5.11,86.99,Mango
29.69,36.78,27.43,35.08,50.71,5.75,93.01,Mango
14.62,33.67,28.06,29.75,52.48,4.57,87.38,Mango
24.86,29.33,31.21,30.82,56.33,5.61,93.85,Mango
19.02,28.27,31.54,34.21,46.28,5.6,97.23,Mango
29.4,27.54,31.36,29.68,53.89,6.37,88.28,Mango
16.94,20.96,31.69,28.61,49.17,6.03,94.67,Mango
26.94,20.84,31.49,30.12,49.19,5.9,95.52,Mango
25.18,22.81,29.25,31.5,46.56,5.46,96.94,Mango
15.42,34.73,33.17,28.7,53.39,5.66,97.09,Mango
21.28,33.27,31.02,29.67,47.09,4.84,95.94,Mango
29.29,31.57,29.71,28.9,48.29,6.47,92.58,Mango
26.08,20.78,30.84,30.47,52.62,6.23,92.52,Mango
24.05,24.06,26.45,29.57,50.5,5.95,95.74,Mango
22.74,33.33,30.16,33.08,45.57,3.5,96.42,Mango
14.31,26.17,29.24,35.07,51.0,5.85,99.18,Mango
27.76,24.64,32.68,29.0,50.81,4.78,96.02,Mango
26.45,37.98,26.09,30.15,52.06,5.96,95.9,Mango
17.83,23.81,33.11,31.38,50.94,5.68,89.08,Mango
32.0,30.65,35.76,29.21,52.06,4.93,95.79,Mango
32.32,14.55,29.49,30.23,48.25,5.99,100.6,Mango
24.0,28.78,30.29,31.5,47.28,6.44,96.48,Mango
27.96,22.46,28.85,31.1,46.16,4.69,92.0,Mango
28.92,23.42,27.45,29.67,48.86,5.53,105.83,Mango
32.91,33.9,32.92,29.25,46.94,5.06,101.67,Mango
20.9,19.68,28.92,30.96,50.67,5.91,90.86,Mango
30.14,23.51,29.61,33.05,48.4,5.39,97.96,Mango
18.57,25.1,31.39,36.12,51.51,6.05,97.65,Mango
16.95,28.22,29.93,32.22,50.29,5.99,93.44,Mango
25.44,19.83,29.2,34.63,50.8,5.74,104.48,Mango
14.79,20.57,34.28,31.6,49.39,5.0,97.24,Mango
29.08,20.66,29.65,30.75,50.64,5.05,101.26,Mango
31.87,25.23,29.46,31.19,48.05,5.47,93.65,Mango
37.1,33.42,32.34,32.33,47.21,5.72,99.85,Mango
15.56,31.48,35.81,33.89,53.54,5.89,99.84,Mango
19.62,32.47,31.64,32.15,53.29,5.41,94.06,Mango
25.72,21.06,30.57,27.63,52.62,5.78,92.4,Mango
18.74,26.03,31.72,32.73,48.24,5.22,98.28,Mango
19.58,27.87,30.31,32.2,52.15,4.96,85.44,Mango
20.74,38.76,35.06,35.62,49.52,4.64,83.28,Mango
20.39,26.26,33.25,33.45,50.57,5.19,90.2,Mango
26.91,31.86,30.98,29.17,51.63,6.02,89.65,Mango
19.12,31.8,29.41,35.08,51.25,5.45,94.95,Mango
25.48,22.95,27.72,33.08,52.11,6.13,102.58,Mango
20.94,37.96,27.75,29.22,45.6,5.47,92.48,Mango
28.94,29.02,27.02,30.62,49.07,4.64,90.1,Mango
19.22,36.46,30.48,32.99,46.25,6.5,101.51,Mango
10.01,23.09,31.24,32.95,48.3,5.56,92.01,Mango
25.83,34.98,28.07,33.75,48.05,5.22,99.09,Mango
31.91,32.82,26.71,30.45,52.06,5.78,89.63,Mango
28.44,23.03,34.49,34.98,51.51,6.6,95.32,Mango
30.74,36.74,30.61,30.93,45.74,5.7,99.12,Mango
32.09,30.65,28.65,27.05,48.76,5.56,93.44,Mango
29.64,39.91,30.31,31.01,49.35,5.83,90.86,Mango
25.9,30.32,30.52,32.53,51.08,4.64,98.18,Mango
19.97,20.65,27.24,32.48,49.44,4.7,97.39,Mango
14.2,28.37,30.6,33.49,54.45,4.9,94.74,Mango
22.93,30.21,30.54,30.71,48.9,5.05,99.94,Mango
28.44,33.24,29.22,30.02,47.3,5.97,89.8,Mango
38.86,124.33,200.68,38.32,83.25,6.32,67.58,Grapes
14.64,137.31,203.77,21.27,81.08,5.33,67.55,Grapes
24.15,142.49,201.68,27.59,82.0,6.03,73.51,Grapes
26.51,119.36,198.32,17.71,81.82,6.46,69.73,Grapes
24.42,140.71,198.26,40.85,81.66,6.28,69.3,Grapes
25.93,135.28,201.08,18.6,81.1,7.19,68.79,Grapes
30.24,122.45,199.3,23.92,83.09,5.23,70.42,Grapes
16.38,134.53,197.41,17.73,82.16,5.86,68.81,Grapes
16.05,121.04,202.54,13.98,82.28,6.53,68.46,Grapes
18.81,133.91,202.79,15.06,82.31,5.6,69.02,Grapes
25.26,127.16,198.86,13.03,82.6,6.65,67.26,Grapes
20.33,135.64,203.03,12.31,82.29,6.36,69.74,Grapes
6.42,135.63,203.8,25.99,81.21,6.06,74.42,Grapes
31.82,136.5,200.89,19.38,82.25,6.22,71.37,Grapes
36.32,139.49,196.45,26.9,83.42,6.48,68.43,Grapes
46.86,124.52,197.29,26.99,85.15,5.94,69.34,Grapes
33.08,132.39,199.16,29.81,82.84,6.64,73.23,Grapes
27.3,134.32,200.54,29.16,82.57,6.25,72.99,Grapes
36.37,123.08,200.03,19.15,82.11,6.4,71.67,Grapes
24.16,120.54,197.59,32.62,79.07,6.7,71.3,Grapes
34.87,131.26,194.85,28.66,84.09,6.6,68.34,Grapes
25.65,129.17,197.95,33.12,81.0,5.91,67.24,Grapes
13.82,133.42,202.9,23.43,80.62,6.56,74.21,Grapes
20.15,129.51,201.29,38.79,81.85,5.75,71.58,Grapes
30.99,132.54,198.6,33.45,83.16,5.96,70.12,Grapes
14.86,136.79,199.34,21.3,82.46,6.27,72.24,Grapes
29.43,131.52,201.91,28.41,81.97,6.2,69.63,Grapes
28.79,130.21,199.02,41.73,83.67,5.96,71.43,Grapes
25.89,134.95,200.34,35.11,82.93,6.23,72.61,Grapes
26.75,133.26,200.79,24.2,82.51,6.03,68.12,Grapes
17.51,123.8,197.8,23.52,82.63,6.15,64.11,Grapes
36.81,139.29,201.11,41.21,81.28,6.96,67.59,Grapes
26.79,124.54,200.04,28.28,82.31,6.52,70.25,Grapes
21.08,128.96,202.03,19.44,83.64,6.71,65.83,Grapes
33.5,145.38,200.63,30.09,83.8,6.15,70.46,Grapes
15.14,133.37,201.25,29.39,83.83,5.96,68.67,Grapes
39.22,131.56,200.5,24.43,81.47,6.86,68.68,Grapes
16.55,129.68,195.0,19.46,81.29,6.48,68.32,Grapes
31.66,141.24,201.95,23.17,82.68,5.68,69.67,Grapes
18.55,136.84,206.43,29.25,80.01,6.11,70.31,Grapes
25.66,127.93,200.61,14.44,81.32,6.49,67.46,Grapes
29.04,123.94,204.41,18.42,82.22,6.37,68.59,Grapes
26.08,136.1,202.4,31.73,82.29,6.2,75.87,Grapes
32.12,126.74,200.25,22.15,82.33,5.79,68.97,Grapes
38.59,136.12,193.77,35.34,83.86,6.12,71.79,Grapes
18.55,129.56,203.75,22.69,80.16,6.23,69.8,Grapes
33.99,132.59,198.95,33.88,82.65,5.97,72.89,Grapes
26.45,132.52,200.44,15.9,81.84,6.25,69.51,Grapes
34.54,133.86,202.14,25.08,83.82,6.4,70.03,Grapes
24.9,126.53,201.27,24.66,81.87,6.66,66.87,Grapes
21.83,138.92,200.79,24.59,82.81,6.32,66.21,Grapes
22.38,142.6,198.35,22.29,81.82,6.22,68.54,Grapes
28.65,133.73,201.93,16.07,82.07,6.17,71.14,Grapes
19.05,138.22,202.97,16.59,81.89,6.05,76.58,Grapes
21.78,142.99,196.83,16.59,81.64,5.93,69.33,Grapes
19.68,127.38,202.9,35.4,83.69,6.45,70.23,Grapes
21.27,126.54,200.91,15.02,81.26,6.68,74.75,Grapes
27.95,139.42,199.39,13.63,83.27,6.46,70.18,Grapes
23.18,138.51,197.54,18.42,81.24,6.28,67.28,Grapes
19.87,128.09,199.35,12.36,82.61,6.72,70.34,Grapes
36.56,140.84,201.94,25.63,82.53,6.54,69.02,Grapes
10.88,135.58,197.17,16.82,82.5,6.21,66.47,Grapes
26.24,138.54,197.18,35.82,80.55,7.04,68.97,Grapes
26.09,120.67,199.84,26.94,82.39,6.04,67.63,Grapes
33.48,132.69,203.85,20.52,81.96,6.56,65.94,Grapes
15.9,139.36,197.07,9.54,84.84,5.73,70.46,Grapes
25.52,114.93,199.33,28.81,82.94,6.59,69.03,Grapes
30.34,128.19,196.47,13.97,80.67,6.63,66.21,Grapes
27.06,130.84,199.74,36.59,81.95,6.48,70.09,Grapes
23.86,146.87,196.4,35.96,83.32,6.07,74.07,Grapes
11.14,129.24,196.98,28.5,81.11,6.41,69.53,Grapes
21.4,134.93,199.33,15.75,86.0,6.07,64.46,Grapes
18.68,124.58,202.07,27.73,83.0,6.11,69.3,Grapes
22.22,131.99,202.09,27.86,83.13,6.44,72.21,Grapes
27.16,134.74,202.97,19.35,81.43,5.81,70.46,Grapes
11.1,135.39,199.73,34.64,81.66,6.17,72.81,Grapes
35.37,128.25,200.45,27.5,82.97,6.15,73.2,Grapes
10.83,129.87,201.12,28.89,84.19,6.7,69.29,Grapes
34.75,128.04,202.33,40.39,84.02,6.29,69.17,Grapes
13.54,134.44,197.21,18.26,81.01,6.08,69.93,Grapes
27.05,128.75,202.67,23.23,81.52,6.33,74.91,Grapes
27.51,130.23,196.18,23.13,82.79,6.1,65.84,Grapes
18.62,141.59,203.59,17.46,83.34,5.81,73.51,Grapes
26.84,138.44,195.71,30.76,82.49,6.57,72.29,Grapes
25.49,128.74,201.95,24.49,81.41,5.9,66.31,Grapes
21.17,139.39,200.44,20.5,83.51,5.94,70.24,Grapes
23.65,137.37,196.06,17.77,80.45,6.15,73.03,Grapes
21.21,129.31,202.18,34.08,82.39,6.51,67.31,Grapes
35.33,145.93,201.3,7.28,81.8,6.48,68.95,Grapes
34.54,136.18,198.23,25.27,81.38,6.18,68.61,Grapes
33.81,145.73,196.42,8.65,82.19,5.68,70.12,Grapes
30.62,141.84,200.5,23.36,80.03,6.26,70.18,Grapes
29.79,128.07,198.91,12.44,79.64,5.83,66.07,Grapes
27.53,129.26,198.65,16.63,78.46,6.82,67.5,Grapes
21.91,123.41,202.43,26.22,81.47,6.1,74.2,Grapes
24.45,131.36,197.65,8.9,82.3,6.37,72.75,Grapes
8.14,125.47,198.55,24.97,82.32,6.2,71.02,Grapes
18.23,138.34,201.08,22.28,84.5,6.83,72.33,Grapes
2.36,142.37,201.99,42.05,84.05,6.84,72.2,Grapes
35.12,144.96,200.54,11.64,82.12,6.4,70.19,Grapes
15.65,122.31,198.15,31.87,84.48,6.59,72.64,Grapes
24.39,121.61,198.86,22.8,81.88,6.27,71.1,Grapes
31.4,130.76,195.24,20.9,82.55,6.71,68.58,Grapes
28.84,134.31,200.11,32.91,81.67,6.03,69.97,Grapes
20.2,135.68,198.22,26.92,82.37,6.33,68.85,Grapes
22.46,133.1,200.51,24.96,84.63,5.88,69.84,Grapes
13.2,134.83,197.21,22.63,82.03,6.36,68.62,Grapes
20.54,141.47,200.71,20.23,82.19,6.87,69.41,Grapes
19.83,128.22,198.63,19.95,80.9,5.83,67.93,Grapes
29.44,130.12,199.48,35.8,84.12,6.14,68.42,Grapes
18.52,136.83,199.49,21.71,81.48,5.96,70.8,Grapes
15.13,138.72,198.67,23.73,80.83,6.25,69.18,Grapes
24.62,141.7,200.44,18.25,81.61,6.47,73.25,Grapes
27.11,136.8,201.52,37.06,80.06,6.5,72.46,Grapes
14.96,126.96,197.87,18.81,81.9,6.34,72.16,Grapes
33.11,127.26,197.89,36.18,83.31,6.28,71.18,Grapes
24.78,135.78,199.16,27.28,80.61,5.99,68.31,Grapes
22.19,126.71,198.67,12.13,83.19,6.22,65.74,Grapes
18.74,134.6,198.64,19.08,82.41,6.38,66.41,Grapes
29.13,127.5,199.96,24.7,81.84,5.87,69.29,Grapes
116.25,8.99,54.23,25.31,85.09,6.23,46.14,Watermelon
94.97,10.96,49.48,25.19,89.63,6.21,50.51,Watermelon
102.48,10.81,51.72,25.2,78.77,6.66,44.42,Watermelon
89.52,21.8,49.13,26.19,88.03,6.34,53.97,Watermelon
92.45,31.46,48.27,26.27,87.11,6.58,46.65,Watermelon
98.49,4.04,50.56,25.76,85.33,5.76,43.67,Watermelon
92.52,19.32,50.72,25.37,86.59,6.24,53.05,Watermelon
104.75,19.86,49.54,26.87,86.23,6.26,51.24,Watermelon
107.52,13.82,52.72,25.79,79.14,6.57,47.97,Watermelon
105.37,23.4,50.49,26.75,84.55,6.66,54.02,Watermelon
99.03,22.37,48.51,25.18,81.72,6.56,51.63,Watermelon
111.79,22.44,49.29,24.62,86.08,6.78,53.78,Watermelon
110.84,16.18,48.83,24.95,84.86,6.48,51.03,Watermelon
98.71,16.66,48.06,26.21,85.19,6.46,46.26,Watermelon
86.68,25.67,51.39,24.28,86.91,6.73,50.62,Watermelon
115.98,18.85,46.46,25.77,85.61,6.35,52.87,Watermelon
83.32,23.69,47.8,24.76,84.72,6.61,50.82,Watermelon
92.57,14.34,47.17,25.33,87.69,6.5,54.3,Watermelon
114.55,13.82,49.53,27.13,88.61,6.08,51.94,Watermelon
100.01,22.67,48.14,24.87,83.31,6.36,54.08,Watermelon
88.19,13.61,45.53,26.26,88.18,6.42,48.51,Watermelon
104.53,26.72,51.02,24.98,80.95,6.22,50.37,Watermelon
93.45,18.72,48.62,24.71,82.06,6.89,54.44,Watermelon
117.31,20.87,48.93,26.49,84.92,6.56,49.79,Watermelon
70.53,27.53,51.23,25.75,84.85,6.54,47.01,Watermelon
106.17,9.33,50.47,25.92,84.5,6.59,45.04,Watermelon
90.34,18.98,51.7,24.09,86.31,6.36,49.04,Watermelon
86.6,12.18,52.42,25.52,84.04,6.47,52.45,Watermelon
104.4,17.03,52.73,26.23,86.03,6.51,53.29,Watermelon
103.14,24.13,52.25,24.74,82.29,6.32,54.88,Watermelon
84.24,19.97,50.91,26.37,85.45,6.16,45.2,Watermelon
88.18,14.14,49.54,24.63,88.68,6.17,56.73,Watermelon
111.85,23.11,48.27,25.76,81.81,6.73,49.63,Watermelon
95.91,9.85,43.81,24.72,87.78,6.4,49.15,Watermelon
106.56,28.79,53.31,24.77,80.14,7.09,61.34,Watermelon
101.88,9.56,52.41,25.42,84.72,6.72,51.67,Watermelon
88.14,15.47,51.65,25.88,85.66,6.73,48.19,Watermelon
101.79,0.0,48.88,26.07,84.02,6.38,44.79,Watermelon
110.03,20.93,52.06,24.21,84.6,6.43,48.6,Watermelon
93.84,15.34,52.12,24.07,89.44,6.62,49.79,Watermelon
109.07,8.43,48.34,25.41,88.41,6.49,52.25,Watermelon
94.1,20.54,54.19,26.25,84.8,6.67,52.89,Watermelon
105.07,24.45,52.76,25.4,86.6,6.4,45.38,Watermelon
97.31,17.02,45.85,26.15,78.08,7.18,57.51,Watermelon
97.39,17.56,50.76,25.06,85.48,6.46,49.53,Watermelon
101.81,9.29,50.1,25.62,85.32,6.45,55.69,Watermelon
96.46,18.92,53.24,25.44,85.54,6.48,56.19,Watermelon
97.42,25.52,49.74,24.86,86.7,6.42,53.1,Watermelon
72.71,17.53,48.85,24.7,83.62,6.36,49.76,Watermelon
86.33,19.48,53.42,25.71,87.02,6.77,56.18,Watermelon
118.7,14.38,48.2,26.09,86.77,6.69,59.45,Watermelon
100.11,20.16,47.55,27.1,84.16,6.42,48.27,Watermelon
93.55,12.94,48.69,24.48,83.04,6.99,53.68,Watermelon
109.26,24.86,54.59,24.17,81.93,6.3,47.65,Watermelon
96.99,14.71,50.55,25.53,83.19,5.96,45.04,Watermelon
94.51,15.96,47.18,25.13,82.17,6.47,44.63,Watermelon
91.51,9.32,49.62,24.85,87.27,6.6,49.65,Watermelon
92.03,19.88,51.73,25.61,89.01,6.61,54.57,Watermelon
101.34,21.72,48.01,25.16,85.87,6.59,52.54,Watermelon
111.0,8.59,47.56,25.67,83.19,7.34,52.58,Watermelon
99.22,14.28,48.8,25.52,85.28,6.39,48.63,Watermelon
113.44,26.15,50.63,24.49,86.35,6.89,56.85,Watermelon
107.34,26.39,50.13,25.97,83.3,6.57,56.65,Watermelon
94.11,12.12,50.24,25.33,86.62,6.39,58.59,Watermelon
87.1,25.34,48.09,24.15,85.59,6.44,44.45,Watermelon
83.19,17.45,52.44,25.94,85.14,6.62,49.86,Watermelon
85.7,8.62,49.49,25.38,87.13,6.69,53.03,Watermelon
97.2,8.87,51.03,25.89,79.03,6.29,46.54,Watermelon
101.18,12.48,49.9,25.34,84.6,6.32,46.81,Watermelon
89.2,19.88,51.43,24.92,88.8,6.42,57.65,Watermelon
93.58,4.83,51.01,25.69,85.09,6.34,49.83,Watermelon
94.89,15.61,52.1,25.64,86.52,6.44,48.29,Watermelon
88.47,15.19,41.7,25.06,84.8,6.64,48.66,Watermelon
103.48,3.88,49.86,24.24,81.98,6.45,56.38,Watermelon
103.71,17.61,49.95,24.96,83.64,6.61,43.07,Watermelon
105.93,15.07,52.06,26.22,80.82,6.35,45.72,Watermelon
81.87,11.05,56.1,25.96,89.79,6.71,46.29,Watermelon
96.18,21.18,51.09,25.07,81.23,7.32,49.29,Watermelon
96.74,18.21,49.39,25.59,88.22,6.47,44.19,Watermelon
98.38,14.6,53.56,26.38,85.27,6.18,43.87,Watermelon
100.15,19.6,49.06,25.14,83.52,6.49,38.09,Watermelon
88.99,13.58,53.02,24.89,85.45,6.56,56.49,Watermelon
112.63,17.14,48.81,25.0,84.4,6.39,52.77,Watermelon
104.2,21.2,53.15,26.9,85.31,6.77,48.24,Watermelon
111.85,24.13,52.52,25.57,83.33,6.15,49.8,Watermelon
115.33,15.56,51.96,26.13,84.29,6.83,35.46,Watermelon
87.77,11.78,47.95,25.75,85.73,6.6,52.98,Watermelon
90.5,9.89,50.99,25.03,81.07,6.74,56.98,Watermelon
115.57,18.67,51.56,26.53,83.4,6.78,51.38,Watermelon
109.14,18.66,53.24,25.67,81.29,6.86,45.26,Watermelon
112.53,16.94,52.94,26.35,86.08,6.63,52.11,Watermelon
79.86,18.24,47.21,25.63,82.14,6.2,58.02,Watermelon
110.69,17.47,50.46,25.31,86.42,6.33,54.97,Watermelon
97.47,14.88,50.05,25.06,85.82,6.37,52.34,Watermelon
112.16,13.0,49.67,25.85,83.91,6.62,52.78,Watermelon
110.83,13.71,47.64,25.27,82.58,6.64,44.19,Watermelon
123.33,25.6,50.03,26.15,80.91,7.13,47.05,Watermelon
98.8,5.9,51.22,24.67,85.25,6.36,44.61,Watermelon
91.96,18.91,46.8,24.94,86.66,7.15,52.39,Watermelon
90.83,15.21,50.08,25.24,87.26,6.55,54.54,Watermelon
96.86,25.78,49.58,24.77,90.44,6.04,46.31,Watermelon
93.73,33.18,54.52,26.62,84.17,7.11,51.84,Watermelon
109.77,18.62,49.88,25.31,84.48,6.65,51.84,Watermelon
99.69,26.93,42.58,25.88,86.79,6.79,49.68,Watermelon
102.08,23.66,53.73,25.27,85.67,6.92,39.38,Watermelon
93.1,26.66,52.73,25.89,83.88,6.28,47.04,Watermelon
115.48,13.57,50.25,24.93,87.11,6.37,49.51,Watermelon
83.17,7.42,50.02,24.51,90.26,5.98,46.0,Watermelon
100.17,15.22,47.24,24.78,82.52,6.43,59.76,Watermelon
100.78,24.89,51.27,26.34,78.0,6.42,56.54,Watermelon
94.28,28.52,53.71,25.15,83.74,6.25,46.85,Watermelon
87.67,20.18,46.36,25.95,86.57,6.08,57.75,Watermelon
105.14,22.19,48.1,25.97,87.82,6.48,60.01,Watermelon
100.44,24.63,50.73,25.94,80.82,6.59,46.33,Watermelon
91.54,28.4,49.47,24.75,84.1,6.17,57.17,Watermelon
93.04,20.81,53.39,25.12,86.33,6.24,62.23,Watermelon
109.36,16.3,48.07,25.41,84.15,6.99,43.87,Watermelon
101.35,17.39,49.71,25.42,84.71,6.72,53.04,Watermelon
104.19,0.0,50.75,24.26,86.62,6.87,45.37,Watermelon
97.38,13.75,53.09,25.57,89.32,6.6,51.21,Watermelon
100.68,22.61,45.66,28.56,92.41,6.55,24.53,Muskmelon
89.61,17.55,47.29,27.06,93.41,6.52,26.17,Muskmelon
113.03,13.34,46.42,28.45,92.07,6.23,24.8,Muskmelon
93.88,6.02,48.9,27.65,92.79,6.27,27.78,Muskmelon
116.04,21.75,46.12,29.63,94.47,6.4,28.31,Muskmelon
94.48,5.84,48.1,29.8,90.64,6.4,25.09,Muskmelon
94.87,14.73,50.18,28.08,90.72,6.44,27.68,Muskmelon
108.7,12.44,46.87,28.29,94.46,6.53,26.76,Muskmelon
108.9,20.13,50.3,29.0,91.82,6.12,26.81,Muskmelon
112.38,10.51,52.05,29.76,92.5,6.24,25.31,Muskmelon
94.49,13.65,51.08,27.3,90.7,6.4,24.94,Muskmelon
103.44,29.22,50.26,28.95,91.28,6.55,23.68,Muskmelon
100.71,16.82,52.58,27.52,89.65,6.36,26.17,Muskmelon
101.52,25.2,51.09,28.08,89.59,6.35,27.57,Muskmelon
96.08,17.68,51.05,27.74,93.28,6.73,24.57,Muskmelon
88.71,17.08,44.44,28.75,93.07,6.74,24.52,Muskmelon
104.08,12.12,49.11,27.36,92.26,6.34,25.75,Muskmelon
93.76,18.02,49.17,28.25,92.6,6.41,26.9,Muskmelon
98.79,15.31,49.55,27.96,92.05,6.81,22.72,Muskmelon
97.21,15.08,49.38,28.25,92.85,6.06,27.59,Muskmelon
106.33,9.73,44.33,27.77,92.2,6.92,26.36,Muskmelon
81.92,13.19,49.87,28.69,90.86,6.37,23.21,Muskmelon
88.96,19.12,51.93,29.13,93.22,6.3,26.79,Muskmelon
103.09,18.34,48.47,28.13,92.59,6.89,25.75,Muskmelon
93.89,12.3,48.77,30.13,92.0,6.58,24.06,Muskmelon
102.61,22.45,48.57,28.02,94.57,6.6,26.98,Muskmelon
107.87,20.37,55.04,28.53,93.22,6.11,22.94,Muskmelon
87.99,25.46,43.62,28.2,88.76,6.23,23.77,Muskmelon
113.85,19.98,47.92,29.3,92.52,6.41,21.99,Muskmelon
90.1,12.34,50.12,28.56,94.43,6.48,18.23,Muskmelon
102.63,8.44,47.59,27.89,91.67,6.12,25.51,Muskmelon
85.89,19.73,55.59,27.5,92.14,5.9,24.25,Muskmelon
106.43,22.0,50.19,29.17,95.68,6.74,23.69,Muskmelon
85.49,14.96,47.63,28.84,91.02,6.39,27.1,Muskmelon
98.99,11.59,52.94,27.09,92.09,6.39,25.04,Muskmelon
101.8,21.32,49.91,28.22,91.99,6.28,26.97,Muskmelon
93.53,22.79,50.05,28.11,93.27,6.25,26.6,Muskmelon
102.13,13.77,51.32,28.91,93.95,6.59,26.23,Muskmelon
88.72,32.8,46.49,29.21,93.04,6.17,24.69,Muskmelon
99.21,25.66,48.22,28.3,89.58,6.75,22.32,Muskmelon
103.27,16.87,49.75,29.11,94.59,6.45,26.64,Muskmelon
103.29,23.86,48.84,29.31,93.89,6.62,23.35,Muskmelon
98.32,19.0,46.57,29.7,92.48,6.46,23.56,Muskmelon
86.73,13.72,50.55,29.01,92.7,6.47,24.16,Muskmelon
104.96,26.77,51.76,29.11,92.87,6.1,22.39,Muskmelon
104.55,17.43,51.1,29.76,93.41,6.65,25.24,Muskmelon
91.93,17.14,47.99,29.67,93.49,6.5,28.09,Muskmelon
79.8,21.18,46.72,28.49,92.11,6.53,25.57,Muskmelon
113.45,13.74,51.77,28.62,90.46,6.22,24.63,Muskmelon
111.12,20.4,47.08,28.39,95.02,6.42,24.18,Muskmelon
104.92,22.27,48.86,28.88,92.09,6.54,25.42,Muskmelon
104.82,12.76,47.95,29.21,92.4,6.46,24.23,Muskmelon
108.99,13.7,49.66,29.09,93.97,6.3,29.9,Muskmelon
103.13,10.98,50.92,28.21,93.04,6.39,25.19,Muskmelon
90.88,23.69,47.11,27.67,92.96,6.72,24.12,Muskmelon
107.01,24.21,52.04,28.27,91.14,5.96,24.34,Muskmelon
111.78,10.47,51.75,27.79,92.63,6.54,23.35,Muskmelon
101.7,14.91,51.76,28.68,92.57,6.71,26.66,Muskmelon
93.1,16.96,49.81,28.56,95.66,6.47,19.91,Muskmelon
94.57,5.42,49.18,27.01,91.41,6.1,25.96,Muskmelon
100.01,19.39,49.74,27.45,93.14,6.78,26.02,Muskmelon
95.74,8.57,47.73,28.84,93.84,6.45,27.0,Muskmelon
107.08,20.67,48.35,28.63,91.44,6.4,25.83,Muskmelon
116.79,9.31,51.2,29.61,93.45,6.57,26.47,Muskmelon
112.98,10.7,46.54,28.5,89.8,6.65,28.05,Muskmelon
95.67,15.18,49.82,28.54,92.66,6.51,24.57,Muskmelon
109.43,20.29,48.48,29.5,90.8,6.38,27.42,Muskmelon
92.77,19.43,51.36,27.85,92.41,6.37,23.62,Muskmelon
123.02,12.73,52.51,28.21,91.14,6.42,26.62,Muskmelon
109.21,27.26,57.36,28.69,91.67,6.49,24.33,Muskmelon
109.26,9.39,55.92,29.14,90.39,6.26,27.04,Muskmelon
111.76,9.55,51.78,27.04,92.39,6.62,23.62,Muskmelon
84.93,18.41,48.49,28.97,91.39,6.25,19.95,Muskmelon
101.7,16.49,47.03,28.65,93.78,6.36,25.67,Muskmelon
102.73,9.97,55.14,28.15,93.32,6.55,24.65,Muskmelon
106.07,19.04,46.46,28.25,91.73,6.31,21.74,Muskmelon
111.26,27.51,52.45,29.45,92.07,6.27,23.05,Muskmelon
106.44,18.92,49.81,29.47,93.01,6.23,23.3,Muskmelon
106.82,24.01,51.38,29.92,94.54,6.49,22.9,Muskmelon
86.9,15.08,51.88,29.87,93.02,6.63,24.39,Muskmelon
106.23,22.65,45.05,28.19,93.69,6.45,22.01,Muskmelon
75.7,15.21,49.82,27.84,92.68,6.5,26.68,Muskmelon
76.44,9.29,49.24,28.93,93.11,6.49,24.04,Muskmelon
96.72,12.95,51.92,27.81,93.56,6.44,24.89,Muskmelon
93.43,9.03,48.38,28.25,89.54,6.36,27.31,Muskmelon
105.67,14.4,50.12,28.08,92.69,6.71,27.42,Muskmelon
105.21,14.42,51.87,27.23,92.18,6.52,26.85,Muskmelon
106.7,19.34,49.51,28.9,91.31,6.23,25.15,Muskmelon
101.73,6.09,51.14,29.08,92.4,6.87,23.29,Muskmelon
96.39,15.03,49.81,28.25,90.74,6.29,24.76,Muskmelon
112.29,31.26,53.34,27.92,91.63,6.37,29.46,Muskmelon
98.35,9.2,48.75,29.07,93.36,6.36,26.71,Muskmelon
77.27,18.15,52.15,27.88,91.45,6.03,28.97,Muskmelon
92.8,19.01,51.51,29.63,92.31,6.29,25.43,Muskmelon
112.84,16.44,47.61,27.34,90.97,6.57,24.2,Muskmelon
93.92,13.03,50.21,28.32,92.16,6.67,28.85,Muskmelon
83.9,19.55,48.06,28.31,92.89,6.36,25.58,Muskmelon
106.73,19.34,48.38,28.03,90.7,6.23,29.91,Muskmelon
92.08,10.04,50.8,28.42,92.26,6.68,26.37,Muskmelon
94.7,14.85,48.74,29.16,92.11,6.04,24.88,Muskmelon
84.63,31.15,47.59,28.38,92.82,6.34,24.27,Muskmelon
104.22,27.04,51.92,29.61,91.19,6.46,25.39,Muskmelon
103.51,26.1,49.45,28.2,93.17,6.04,24.41,Muskmelon
98.66,11.75,52.64,27.7,92.33,6.46,28.38,Muskmelon
99.89,23.35,51.75,28.59,91.14,6.11,25.27,Muskmelon
94.57,23.25,51.86,28.36,91.05,6.5,22.46,Muskmelon
92.42,11.38,49.65,29.38,92.49,6.31,21.19,Muskmelon
105.52,12.62,50.29,28.23,93.55,6.37,24.85,Muskmelon
104.86,30.67,52.22,28.43,92.5,6.3,22.63,Muskmelon
94.47,12.67,51.63,27.7,94.17,6.55,25.05,Muskmelon
100.0,14.02,50.68,29.32,91.62,6.09,26.76,Muskmelon
103.24,10.5,48.17,27.86,91.59,6.34,24.33,Muskmelon
93.49,12.76,49.43,28.63,92.1,6.63,26.27,Muskmelon
84.09,20.77,51.51,28.17,90.63,6.4,24.98,Muskmelon
88.78,8.43,49.78,28.33,91.98,6.38,22.24,Muskmelon
95.65,20.83,49.13,27.25,91.91,6.19,25.67,Muskmelon
103.19,7.13,51.9,27.67,94.45,6.39,21.88,Muskmelon
88.58,19.68,49.02,28.43,94.52,6.26,25.15,Muskmelon
114.2,19.19,45.98,28.88,91.05,6.68,22.94,Muskmelon
129.7,26.67,48.01,28.52,93.44,6.56,26.11,Muskmelon
34.39,131.73,199.08,22.24,93.57,6.09,114.32,Apple
30.96,119.68,200.78,22.66,94.59,5.62,122.23,Apple
25.57,135.56,204.19,22.92,93.0,6.06,109.48,Apple
24.79,128.03,199.89,20.75,93.04,5.97,110.4,Apple
26.65,123.54,204.82,22.42,92.32,5.76,112.65,Apple
35.4,138.97,202.14,22.91,92.05,5.64,111.24,Apple
23.23,139.05,200.77,23.71,94.0,5.89,101.28,Apple
35.39,141.0,196.58,23.63,92.98,6.04,122.59,Apple
35.09,136.57,201.18,22.96,92.0,5.99,106.86,Apple
22.5,130.21,198.41,22.6,92.1,6.13,102.36,Apple
24.15,133.32,199.22,22.37,90.52,6.09,116.55,Apple
28.7,138.99,200.5,22.86,92.7,6.17,102.64,Apple
18.3,142.42,193.85,22.39,93.97,5.98,109.97,Apple
25.97,130.29,200.08,21.99,93.89,6.36,111.67,Apple
14.6,129.23,199.54,22.88,91.24,5.81,115.69,Apple
32.04,128.62,196.67,24.96,93.48,5.93,117.93,Apple
24.07,137.92,200.4,22.57,92.36,5.64,124.61,Apple
17.94,124.0,199.47,21.78,92.44,6.17,118.72,Apple
31.11,130.59,200.12,22.81,90.3,6.14,103.39,Apple
40.3,129.97,199.54,21.92,91.71,6.57,118.38,Apple
13.38,141.9,202.98,22.29,92.88,6.0,124.83,Apple
19.03,133.41,198.93,21.43,95.24,5.7,113.88,Apple
11.94,130.01,201.05,21.88,93.23,5.93,119.75,Apple
35.21,128.83,200.19,22.64,93.27,6.0,113.69,Apple
23.17,133.22,203.24,22.98,93.38,6.18,111.54,Apple
27.39,125.72,203.17,20.41,92.39,6.29,103.98,Apple
28.0,128.25,199.08,23.21,92.75,5.49,106.4,Apple
32.32,135.31,204.37,23.76,92.07,6.63,112.65,Apple
17.78,128.54,194.36,23.71,94.49,5.75,111.08,Apple
25.72,126.5,195.61,22.34,92.1,5.9,113.89,Apple
35.72,130.61,200.43,23.05,93.19,5.85,113.1,Apple
29.11,125.45,203.16,23.57,91.6,6.05,116.51,Apple
20.91,135.51,200.41,21.4,93.07,5.72,118.37,Apple
19.97,131.49,203.43,22.87,91.15,5.75,108.75,Apple
27.96,134.74,197.89,21.62,92.85,5.95,125.98,Apple
25.27,143.84,197.07,21.32,91.1,6.3,123.48,Apple
19.13,129.62,197.08,21.14,93.4,6.06,112.57,Apple
14.5,142.75,198.74,22.9,90.68,5.95,114.32,Apple
27.45,133.47,201.24,21.65,92.75,6.03,113.95,Apple
25.54,124.54,196.71,20.84,93.52,6.21,117.77,Apple
27.3,119.17,197.43,22.63,92.67,5.94,114.81,Apple
25.09,133.25,198.4,23.24,91.96,5.67,107.68,Apple
22.39,138.71,199.89,22.36,90.94,6.2,108.43,Apple
24.25,141.75,201.27,21.28,90.29,5.98,104.92,Apple
29.86,132.76,200.41,21.97,94.68,6.71,110.76,Apple
27.65,133.11,199.35,21.88,91.14,5.72,115.03,Apple
21.1,116.39,201.11,22.47,94.18,6.09,103.26,Apple
8.28,128.0,198.44,23.21,92.49,6.28,104.22,Apple
32.24,137.01,194.95,23.49,92.62,6.1,107.09,Apple
34.56,125.09,202.08,23.12,91.28,6.5,113.95,Apple
29.9,122.96,205.29,21.58,93.78,5.75,108.63,Apple
30.92,138.92,196.82,23.32,93.81,5.77,122.49,Apple
14.07,128.6,201.2,21.86,92.83,6.06,111.33,Apple
31.24,131.07,200.58,23.36,93.49,6.2,105.32,Apple
28.94,127.01,196.8,22.45,91.37,6.2,117.59,Apple
10.73,127.32,196.35,22.15,93.07,5.94,108.81,Apple
34.75,118.09,203.09,22.09,92.4,5.87,122.14,Apple
15.77,132.57,201.32,21.29,91.35,5.96,106.96,Apple
18.88,130.31,201.62,22.24,93.85,5.75,104.68,Apple
39.45,128.39,196.72,21.19,93.84,5.91,110.91,Apple
23.81,138.83,199.55,24.26,92.67,6.27,117.53,Apple
24.73,128.83,200.83,22.88,91.78,6.04,120.23,Apple
40.52,137.84,204.66,22.03,93.38,6.33,106.9,Apple
21.36,143.36,197.56,21.49,94.41,6.3,115.2,Apple
24.66,129.76,200.7,23.68,92.8,6.54,106.89,Apple
24.85,130.17,197.29,22.39,93.02,6.13,126.07,Apple
28.48,139.69,200.17,23.76,95.5,6.13,106.3,Apple
20.88,134.26,201.14,23.02,93.08,6.0,108.52,Apple
28.01,144.09,202.55,22.9,93.79,5.91,109.32,Apple
19.39,131.72,198.94,23.41,91.91,5.8,124.64,Apple
21.61,133.46,201.13,21.65,94.04,6.16,122.24,Apple
19.91,133.12,200.1,22.7,90.68,6.03,103.58,Apple
27.69,119.2,195.37,23.11,91.82,5.75,120.44,Apple
27.46,137.95,199.58,24.51,91.74,6.44,112.12,Apple
12.59,135.52,200.79,21.71,91.35,5.99,114.69,Apple
6.47,139.08,198.76,21.5,93.68,5.99,120.1,Apple
28.28,132.49,199.62,22.86,91.98,5.79,116.31,Apple
23.92,132.71,202.72,22.41,92.52,5.85,115.19,Apple
27.62,138.13,198.55,22.16,93.49,6.06,106.84,Apple
34.8,121.88,201.96,21.55,94.86,5.61,119.7,Apple
24.39,130.21,200.46,22.97,91.37,5.8,116.56,Apple
12.19,128.85,207.6,21.77,93.93,5.85,115.68,Apple
29.91,139.56,199.5,23.99,91.76,6.06,114.03,Apple
16.59,130.71,200.4,22.18,95.55,5.79,119.87,Apple
31.42,132.41,197.84,21.92,91.85,5.55,106.23,Apple
13.88,140.91,201.55,23.09,93.24,6.04,121.63,Apple
20.42,133.17,201.87,21.51,96.37,6.01,113.39,Apple
34.43,138.22,200.1,22.6,90.62,5.86,115.73,Apple
28.33,140.13,199.7,21.46,93.82,6.36,118.11,Apple
23.77,139.03,208.57,22.59,90.86,5.85,116.41,Apple
12.96,133.56,200.95,23.65,94.14,6.22,98.98,Apple
31.91,136.91,200.64,21.2,91.53,5.71,99.91,Apple
24.98,127.51,206.56,22.37,94.12,5.61,109.19,Apple
25.73,126.82,198.94,22.34,92.21,6.46,114.86,Apple
28.6,135.87,201.53,22.44,92.1,6.04,119.73,Apple
33.45,131.0,201.92,22.35,92.54,5.88,111.36,Apple
35.06,133.08,200.34,21.41,92.11,5.94,107.32,Apple
25.16,129.82,200.2,22.59,91.31,5.9,112.98,Apple
33.88,134.1,198.35,22.8,94.63,6.23,115.92,Apple
30.44,141.5,202.69,22.93,93.84,5.73,103.11,Apple
26.18,132.93,198.64,23.12,90.17,5.87,109.47,Apple
12.73,141.84,196.6,22.06,93.63,6.16,105.57,Apple
30.12,134.31,205.83,22.8,92.32,5.79,107.85,Apple
18.81,141.07,200.04,22.92,94.39,5.41,120.49,Apple
25.42,135.22,197.93,21.93,93.11,6.6,118.77,Apple
34.49,131.3,198.5,21.91,91.89,5.49,107.97,Apple
20.8,131.4,200.33,22.77,92.48,5.85,100.23,Apple
20.69,126.42,201.17,23.18,93.67,6.19,111.67,Apple
21.09,127.83,196.23,23.24,92.28,5.69,107.33,Apple
18.5,132.77,202.67,22.24,89.68,5.95,111.52,Apple
23.31,128.58,200.54,22.55,92.47,6.1,109.81,Apple
21.35,141.13,201.4,23.12,94.03,6.13,118.3,Apple
13.15,133.78,199.54,23.76,93.66,5.84,114.83,Apple
26.26,135.34,197.45,22.77,92.21,6.07,107.97,Apple
20.61,139.84,197.37,21.77,92.44,5.81,106.97,Apple
25.79,123.09,197.48,24.04,93.07,5.81,115.11,Apple
29.25,138.72,199.68,23.23,89.95,5.74,113.52,Apple
27.47,126.8,200.65,22.03,92.15,6.26,118.18,Apple
17.52,125.89,198.97,22.48,91.68,6.26,114.67,Apple
28.05,124.58,202.92,20.38,93.54,6.23,109.8,Apple
34.55,17.11,10.16,24.62,96.48,7.67,113.51,Orange
18.15,18.4,7.97,27.64,92.68,6.44,110.41,Orange
18.63,18.45,7.85,22.67,93.44,6.97,108.05,Orange
26.52,21.86,7.23,24.13,94.15,7.29,110.29,Orange
29.8,20.33,11.88,9.85,90.56,7.5,102.47,Orange
28.01,15.3,7.51,24.69,92.75,8.06,106.88,Orange
35.8,19.7,8.35,27.5,93.21,7.02,111.33,Orange
20.52,12.34,11.9,21.1,92.4,7.14,111.33,Orange
14.28,25.54,10.3,21.23,93.04,7.12,113.84,Orange
29.03,21.99,13.38,28.02,92.3,6.44,118.34,Orange
23.22,14.54,5.66,24.62,92.69,6.24,112.27,Orange
21.26,34.31,8.58,19.78,91.41,7.64,108.14,Orange
19.56,21.92,6.55,26.41,94.73,7.28,113.19,Orange
31.53,28.19,13.02,25.25,93.63,6.56,113.88,Orange
17.46,15.21,2.29,25.01,91.7,7.56,111.95,Orange
33.43,10.73,12.6,35.66,93.46,7.4,110.85,Orange
21.06,22.26,6.23,19.89,90.29,6.65,113.21,Orange
28.79,17.82,10.43,10.71,92.03,6.66,106.7,Orange
29.5,12.12,8.49,9.46,92.13,6.46,110.4,Orange
17.87,18.15,9.64,32.95,93.12,6.08,103.68,Orange
25.41,11.69,2.58,30.93,93.4,7.26,106.96,Orange
28.21,13.1,10.51,16.75,94.4,6.21,116.16,Orange
25.29,14.44,10.42,27.08,94.21,7.16,105.55,Orange
25.42,28.85,13.37,28.18,93.49,7.35,115.79,Orange
21.58,9.03,10.17,17.39,91.18,6.64,122.43,Orange
26.02,19.76,6.94,10.98,91.48,7.72,111.67,Orange
29.49,22.12,8.52,31.17,91.71,7.7,112.21,Orange
11.58,12.82,5.54,29.77,92.47,5.89,111.88,Orange
20.97,8.23,14.19,23.17,92.13,6.8,102.43,Orange
15.22,25.53,8.82,22.64,89.94,6.34,113.05,Orange
27.83,28.46,13.36,21.06,93.09,6.84,120.27,Orange
33.62,18.56,10.5,31.53,93.22,7.78,99.03,Orange
28.46,14.28,14.39,32.16,92.54,7.77,118.92,Orange
25.56,32.95,9.92,21.16,93.58,6.82,110.43,Orange
35.57,17.62,5.76,24.8,91.63,7.43,113.48,Orange
36.04,23.17,12.73,18.32,93.5,7.98,106.56,Orange
38.5,14.07,7.87,24.35,93.39,7.46,105.19,Orange
28.26,13.22,6.28,16.7,91.56,7.26,115.76,Orange
13.95,19.7,7.06,26.43,91.72,6.47,114.0,Orange
20.6,15.53,4.45,28.42,93.53,7.0,102.36,Orange
34.07,13.34,8.87,36.95,91.62,7.37,112.81,Orange
27.93,19.26,10.94,24.2,92.44,7.76,103.44,Orange
32.66,22.64,11.75,29.48,92.38,6.07,109.64,Orange
17.57,12.93,6.89,19.52,91.75,5.81,113.5,Orange
41.65,21.29,9.49,22.16,91.97,7.05,109.81,Orange
18.69,28.02,6.28,26.99,92.37,7.95,111.7,Orange
22.3,15.95,10.1,15.36,91.54,6.11,105.39,Orange
25.7,19.38,5.05,21.64,93.2,6.92,106.83,Orange
21.91,14.12,8.41,23.59,95.38,6.63,108.41,Orange
24.61,13.2,12.75,7.68,91.84,7.41,108.53,Orange
18.84,20.25,12.27,23.82,91.5,7.23,107.99,Orange
30.59,26.77,3.49,23.19,90.33,8.22,107.66,Orange
30.6,17.28,7.99,16.74,94.48,7.48,119.72,Orange
25.42,19.3,9.33,20.71,91.2,7.04,106.05,Orange
28.31,18.56,10.72,32.97,92.45,7.38,120.26,Orange
34.8,24.71,9.23,23.94,90.85,7.25,111.37,Orange
25.18,23.92,6.98,32.72,93.63,6.96,109.26,Orange
28.6,27.01,10.25,23.4,92.52,7.89,108.16,Orange
24.78,26.65,10.37,29.61,91.36,6.9,117.42,Orange
19.93,16.55,10.64,16.32,91.98,7.06,110.23,Orange
34.6,27.13,7.86,23.2,93.34,7.76,113.59,Orange
27.18,21.67,11.68,16.7,92.74,7.73,108.96,Orange
25.97,15.98,4.22,22.63,92.88,6.74,104.23,Orange
18.4,22.28,14.93,31.14,90.82,7.43,106.68,Orange
20.63,14.61,11.77,28.5,92.38,6.96,112.32,Orange
29.26,24.85,6.79,22.63,91.16,6.97,108.87,Orange
24.65,12.5,6.28,9.41,92.34,6.78,106.62,Orange
34.92,12.13,13.54,32.65,90.06,7.05,108.0,Orange
3.16,8.47,11.94,35.12,93.63,7.16,109.89,Orange
37.62,30.93,8.53,10.0,89.88,7.66,109.76,Orange
26.37,6.31,8.12,20.65,92.76,6.8,104.81,Orange
19.12,25.05,10.61,26.33,91.38,5.52,107.38,Orange
18.5,19.68,18.21,26.84,95.92,7.28,106.85,Orange
27.61,28.63,14.57,18.9,92.82,6.29,114.12,Orange
36.65,17.75,8.33,24.75,93.02,7.04,110.89,Orange
23.7,23.72,11.84,16.36,91.24,6.87,113.68,Orange
26.11,13.48,10.65,20.43,93.6,7.17,108.42,Orange
26.74,25.72,8.58,25.02,92.41,7.21,106.73,Orange
25.83,24.42,7.66,14.19,90.89,6.41,112.98,Orange
14.46,15.64,11.55,25.1,92.02,7.1,110.54,Orange
23.32,16.18,15.59,27.56,95.6,6.75,109.58,Orange
15.01,12.44,14.75,19.24,94.9,6.38,104.73,Orange
22.44,17.1,12.31,25.32,91.98,6.93,108.4,Orange
18.14,11.95,12.57,11.07,94.52,6.83,106.14,Orange
30.55,26.78,12.79,25.64,93.86,6.14,107.39,Orange
18.17,25.15,9.04,27.78,93.17,6.57,107.07,Orange
34.7,12.65,10.31,17.61,92.11,6.98,106.09,Orange
17.8,19.29,7.89,17.43,91.33,6.96,114.72,Orange
36.3,12.96,15.38,16.22,93.85,6.64,105.65,Orange
19.41,17.17,11.45,26.69,91.32,6.51,105.42,Orange
24.16,16.19,7.62,24.19,95.33,6.75,107.83,Orange
29.2,14.01,11.67,18.01,94.79,7.17,106.9,Orange
20.58,14.29,13.43,14.57,91.67,6.72,109.92,Orange
22.97,8.18,9.0,21.88,91.71,7.34,114.6,Orange
24.41,18.94,4.6,19.87,93.76,6.79,106.31,Orange
42.08,28.87,11.17,29.62,89.72,6.61,107.65,Orange
23.23,14.44,3.62,24.91,93.18,7.8,106.06,Orange
18.47,0.75,9.27,28.13,91.74,8.07,108.72,Orange
26.1,8.98,10.72,10.13,93.37,7.36,116.8,Orange
17.35,18.5,11.41,25.26,91.42,5.8,111.73,Orange
23.86,13.96,11.91,22.22,90.85,6.03,104.36,Orange
42.95,22.02,10.47,21.36,92.19,7.58,107.55,Orange
29.33,15.32,14.85,27.14,94.06,6.71,115.29,Orange
22.66,18.19,14.09,15.98,92.75,7.22,112.6,Orange
21.62,30.54,6.76,31.62,94.02,7.95,102.06,Orange
18.48,26.82,5.31,12.46,91.89,7.1,117.96,Orange
23.61,13.7,10.78,25.43,93.05,6.91,100.22,Orange
18.12,26.38,10.47,20.48,93.9,6.43,108.87,Orange
26.03,14.74,10.25,21.33,90.75,7.09,103.36,Orange
26.24,26.09,9.3,15.18,92.34,6.58,112.97,Orange
23.89,28.19,12.91,21.54,93.39,6.8,110.17,Orange
22.29,22.29,13.58,27.49,93.65,7.46,112.76,Orange
16.46,28.13,14.51,21.04,92.04,7.31,112.75,Orange
23.49,9.69,10.76,25.95,93.41,7.17,108.64,Orange
32.46,17.91,8.84,21.37,90.32,6.91,113.44,Orange
27.55,27.0,9.34,25.55,93.49,8.17,110.72,Orange
17.17,22.8,14.66,20.48,93.55,7.61,115.09,Orange
25.94,13.13,9.8,25.37,93.64,7.17,108.1,Orange
29.17,22.88,10.95,17.27,92.27,7.47,103.08,Orange
9.3,26.93,11.28,26.29,91.15,7.37,111.38,Orange
34.16,66.4,50.4,31.42,92.03,6.5,211.32,Papaya
52.62,56.29,53.2,26.23,91.75,6.64,187.33,Papaya
50.67,60.19,49.13,28.89,94.61,7.05,198.94,Papaya
42.43,66.72,46.38,31.74,91.63,6.61,187.3,Papaya
41.36,57.58,50.07,30.24,92.04,6.72,217.27,Papaya
48.52,62.65,51.46,36.5,94.23,6.61,181.99,Papaya
67.63,55.89,42.96,32.43,92.67,6.42,231.68,Papaya
42.86,59.55,49.44,26.74,91.16,6.63,224.86,Papaya
48.52,54.24,47.66,39.78,94.33,6.9,208.54,Papaya
52.9,49.9,49.39,29.91,90.22,6.88,175.86,Papaya
61.96,63.01,51.39,36.72,91.73,6.98,196.19,Papaya
53.02,53.44,47.67,36.01,92.77,6.65,155.44,Papaya
37.3,64.98,48.47,31.72,94.31,6.61,175.01,Papaya
42.31,67.61,54.98,37.45,93.48,6.68,248.55,Papaya
52.68,62.83,49.74,32.09,94.58,6.82,234.91,Papaya
52.55,52.2,48.54,34.04,91.72,6.61,228.04,Papaya
44.55,58.36,50.74,30.41,94.31,6.61,202.19,Papaya
52.46,57.16,46.76,38.07,93.43,6.67,214.46,Papaya
53.75,49.5,47.87,39.48,92.89,6.68,171.39,Papaya
44.85,54.72,47.89,24.36,93.93,6.87,159.99,Papaya
51.36,51.86,49.35,31.69,91.97,7.0,182.89,Papaya
41.92,52.73,52.61,24.83,91.55,6.93,201.71,Papaya
51.92,70.83,50.62,29.78,92.15,6.61,229.54,Papaya
55.75,64.53,53.03,31.33,91.32,6.74,171.0,Papaya
51.65,64.58,49.58,34.29,92.38,6.85,176.64,Papaya
28.04,60.44,52.47,35.84,91.7,6.61,208.6,Papaya
51.41,56.71,54.56,28.53,94.72,6.75,144.52,Papaya
48.21,63.5,49.09,25.76,92.29,6.64,208.52,Papaya
57.73,50.9,48.24,37.47,91.43,6.61,162.59,Papaya
53.52,59.43,48.29,33.53,94.41,6.63,141.33,Papaya
54.55,56.81,48.22,36.92,93.55,6.47,177.05,Papaya
73.18,61.15,51.69,39.66,92.52,6.85,214.75,Papaya
55.39,55.49,50.43,30.41,92.52,6.6,173.26,Papaya
47.18,51.6,48.74,32.64,93.0,6.87,182.25,Papaya
63.35,63.37,51.26,34.31,92.9,6.9,228.65,Papaya
63.35,57.76,51.39,40.55,91.72,6.71,195.44,Papaya
59.0,63.22,49.42,25.58,92.81,6.64,154.03,Papaya
37.36,59.54,53.4,33.7,92.76,6.9,152.53,Papaya
55.2,57.43,51.42,30.96,91.48,6.77,240.35,Papaya
58.61,54.33,46.65,24.67,94.15,6.63,186.05,Papaya
63.21,47.41,53.73,32.17,91.06,6.72,175.13,Papaya
54.41,53.45,45.22,32.34,90.8,6.78,162.35,Papaya
45.12,58.64,49.47,34.81,93.35,6.61,193.23,Papaya
16.7,59.05,49.25,28.34,92.89,6.9,181.91,Papaya
40.55,58.53,46.66,30.03,94.03,6.76,143.31,Papaya
32.03,58.51,52.16,25.01,93.06,6.92,246.92,Papaya
53.31,60.67,44.67,44.52,91.78,6.63,187.98,Papaya
65.12,71.3,50.31,38.74,92.55,6.62,235.61,Papaya
43.78,67.1,53.25,36.72,94.79,7.03,190.18,Papaya
41.91,45.85,55.61,31.19,93.92,6.66,237.3,Papaya
43.0,50.05,49.48,30.71,93.25,6.74,212.26,Papaya
47.09,53.34,48.54,44.24,92.78,6.5,180.69,Papaya
50.97,69.03,52.57,28.66,95.52,6.75,229.27,Papaya
38.45,42.51,46.48,16.44,95.14,6.78,169.57,Papaya
54.53,58.68,51.55,39.85,92.14,6.64,217.76,Papaya
58.02,58.13,55.44,31.2,91.38,6.8,176.44,Papaya
54.96,52.29,49.0,43.43,91.99,6.65,227.19,Papaya
39.49,53.17,51.44,38.43,94.03,6.66,211.39,Papaya
45.34,53.71,53.01,30.61,92.85,6.77,165.55,Papaya
59.66,61.0,45.03,34.96,91.53,6.89,155.25,Papaya
46.44,59.76,50.14,37.51,90.6,6.96,209.44,Papaya
63.6,62.96,49.97,26.76,91.8,6.95,233.1,Papaya
43.8,39.89,49.47,31.99,92.19,6.82,219.1,Papaya
59.9,60.29,45.5,31.71,95.38,6.8,205.12,Papaya
53.59,60.1,44.04,32.24,92.45,6.91,196.31,Papaya
33.53,60.19,47.99,27.11,91.46,6.82,229.62,Papaya
54.83,61.45,51.18,34.03,93.37,6.45,198.05,Papaya
39.55,64.77,49.63,33.66,90.62,6.88,212.25,Papaya
55.57,52.42,48.07,34.67,91.63,6.8,135.57,Papaya
45.12,68.73,51.1,34.38,94.98,6.46,172.58,Papaya
45.99,62.86,52.19,28.95,93.75,6.7,228.32,Papaya
39.67,56.73,48.77,39.04,91.85,6.74,208.94,Papaya
55.45,63.04,50.53,31.3,92.06,6.75,201.86,Papaya
48.53,57.62,46.21,37.0,92.73,6.88,195.0,Papaya
32.62,55.26,49.5,37.4,89.91,6.76,209.13,Papaya
43.39,57.97,48.43,29.67,91.99,6.66,213.8,Papaya
42.65,51.86,54.42,38.54,90.17,6.65,201.67,Papaya
53.24,48.18,52.9,37.83,93.1,6.92,207.44,Papaya
54.49,67.24,52.75,29.08,93.29,6.67,208.86,Papaya
54.77,48.85,49.7,34.89,91.95,6.79,217.16,Papaya
49.69,58.9,53.46,35.98,92.75,6.63,213.45,Papaya
53.3,65.52,50.12,23.96,90.37,6.84,179.32,Papaya
54.37,58.21,49.58,32.99,91.42,6.75,178.93,Papaya
46.28,55.48,49.43,38.34,92.34,6.88,237.29,Papaya
58.55,60.84,50.82,38.04,92.61,6.87,211.89,Papaya
46.4,63.1,50.23,32.94,91.9,6.77,222.4,Papaya
58.89,59.71,51.5,40.18,92.31,6.61,230.78,Papaya
44.7,53.19,45.51,36.5,90.47,6.66,211.18,Papaya
57.22,53.43,49.66,28.92,91.81,6.78,181.2,Papaya
47.56,48.35,52.83,36.18,93.49,6.91,172.31,Papaya
46.42,45.66,57.85,32.71,93.8,6.6,222.4,Papaya
68.58,57.12,47.47,32.77,89.72,6.75,217.58,Papaya
49.64,55.72,51.32,36.67,90.43,6.76,261.99,Papaya
36.65,56.97,54.85,39.3,91.86,6.78,194.94,Papaya
42.52,57.04,49.3,34.09,91.56,6.59,193.86,Papaya
67.15,58.01,49.17,37.46,92.3,6.98,194.89,Papaya
57.0,52.78,51.26,34.94,92.43,6.69,177.45,Papaya
52.82,61.43,49.68,35.01,92.45,6.76,189.49,Papaya
50.18,74.36,50.78,36.89,93.05,6.72,230.58,Papaya
47.09,64.09,49.16,28.46,92.96,6.61,209.73,Papaya
38.06,55.51,46.42,45.0,90.43,6.75,226.44,Papaya
60.36,62.82,49.21,40.59,93.64,6.78,201.62,Papaya
46.96,51.81,53.09,40.39,91.39,6.73,191.06,Papaya
49.67,57.9,52.37,29.58,91.44,6.9,182.28,Papaya
37.37,54.47,49.17,41.66,93.66,6.89,217.55,Papaya
59.46,53.2,49.5,28.3,92.24,6.84,198.7,Papaya
63.11,50.37,51.25,26.95,92.62,6.84,189.1,Papaya
55.51,51.5,45.84,36.42,94.68,6.63,228.61,Papaya
50.43,49.15,47.17,33.58,91.99,6.59,148.41,Papaya
41.53,58.71,49.98,30.87,92.75,6.88,205.84,Papaya
48.79,63.3,47.6,32.32,92.25,6.6,183.45,Papaya
29.25,69.45,47.66,41.83,92.55,6.82,181.56,Papaya
52.08,61.57,51.66,37.57,92.04,6.69,151.16,Papaya
55.23,64.26,54.04,35.1,91.54,6.54,223.65,Papaya
32.04,55.37,49.44,33.14,92.54,6.77,128.58,Papaya
50.15,43.57,51.83,30.59,89.8,6.65,179.32,Papaya
61.91,58.73,50.86,39.7,92.38,6.84,213.81,Papaya
37.14,66.71,46.45,38.32,90.6,6.83,246.2,Papaya
47.87,55.9,51.53,31.77,94.77,6.77,186.2,Papaya
44.6,51.67,48.43,31.66,91.89,6.67,252.72,Papaya
21.06,20.73,31.48,27.63,93.88,6.32,191.29,Coconut
29.17,18.71,26.1,26.53,91.71,6.0,180.83,Coconut
29.74,28.9,28.66,27.77,94.61,7.47,194.41,Coconut
21.2,11.38,30.78,26.47,92.04,5.55,184.02,Coconut
36.92,17.96,31.48,26.9,91.42,7.05,152.63,Coconut
27.64,18.29,32.23,25.94,94.78,5.87,167.22,Coconut
4.78,30.46,31.38,26.23,91.75,6.13,197.92,Coconut
15.67,19.29,34.43,25.87,94.16,8.15,195.8,Coconut
28.29,22.53,29.0,28.3,93.2,5.03,170.22,Coconut
21.46,18.59,29.35,28.2,95.39,6.7,179.93,Coconut
20.88,9.09,30.28,27.79,93.78,6.1,191.61,Coconut
26.98,28.43,33.08,27.96,95.52,5.53,196.57,Coconut
29.85,23.03,31.23,27.45,99.4,6.44,203.41,Coconut
24.56,23.95,32.35,27.36,97.34,5.84,167.82,Coconut
28.83,24.4,30.45,28.29,92.68,5.64,187.7,Coconut
27.02,22.71,29.93,26.66,93.85,6.52,172.38,Coconut
26.23,17.98,32.14,27.19,98.51,6.62,166.23,Coconut
44.19,22.07,32.48,27.59,95.25,6.9,152.45,Coconut
29.8,13.38,29.56,26.27,94.71,6.75,192.03,Coconut
29.3,16.97,29.35,27.92,96.14,5.64,141.73,Coconut
22.96,25.23,33.04,26.08,94.61,7.88,190.38,Coconut
36.38,24.99,27.72,26.81,94.07,6.58,202.91,Coconut
30.05,5.32,26.72,24.81,94.35,6.68,187.08,Coconut
21.51,23.37,31.79,25.74,91.07,6.5,224.79,Coconut
38.12,22.82,28.18,27.89,93.1,5.92,126.4,Coconut
28.14,16.85,30.24,24.7,94.34,4.68,207.2,Coconut
30.76,18.61,31.41,26.02,94.14,7.1,102.64,Coconut
24.7,19.89,29.51,28.46,91.75,6.03,132.1,Coconut
36.94,18.77,28.9,26.95,95.27,6.76,246.2,Coconut
30.34,17.67,28.6,26.61,91.0,6.53,199.59,Coconut
23.67,15.96,33.79,25.57,89.86,5.64,141.49,Coconut
29.91,18.2,29.45,28.15,92.62,7.08,217.78,Coconut
24.65,23.69,29.4,27.92,90.86,5.27,170.22,Coconut
21.94,17.42,29.45,27.72,93.18,5.88,171.21,Coconut
22.69,15.33,25.97,27.07,92.86,7.22,143.82,Coconut
24.11,29.06,27.65,26.76,91.57,5.49,218.68,Coconut
28.57,20.67,25.76,27.36,96.31,7.36,196.71,Coconut
20.44,21.57,31.67,25.21,91.76,7.17,201.9,Coconut
17.82,23.98,30.24,27.78,92.73,6.98,201.1,Coconut
25.3,20.09,28.38,28.65,93.76,5.81,162.1,Coconut
28.29,23.77,26.66,28.85,94.62,6.85,177.57,Coconut
27.62,19.26,32.54,26.99,95.53,6.17,184.89,Coconut
22.48,26.08,27.92,26.68,93.37,6.23,198.06,Coconut
25.52,26.97,27.95,27.17,92.45,6.82,179.6,Coconut
26.53,25.94,28.36,27.59,92.46,6.58,150.11,Coconut
23.36,19.59,34.54,27.1,97.31,6.67,170.32,Coconut
37.12,22.19,28.39,27.47,93.41,5.01,203.4,Coconut
34.34,29.19,31.06,26.75,95.67,7.14,220.96,Coconut
27.22,19.17,28.21,27.54,90.9,7.08,194.7,Coconut
31.16,20.69,33.83,27.87,92.79,6.06,158.01,Coconut
30.95,15.0,32.71,28.32,92.24,6.36,180.42,Coconut
33.02,28.05,25.79,26.68,93.47,5.45,167.87,Coconut
30.17,18.61,26.14,29.87,94.53,6.58,152.55,Coconut
29.13,19.18,25.28,25.93,95.59,7.96,189.18,Coconut
34.39,19.22,29.78,28.09,97.33,7.48,153.34,Coconut
27.08,21.39,29.35,27.39,95.64,7.25,222.15,Coconut
25.44,13.18,30.9,28.88,93.05,7.02,197.39,Coconut
28.7,20.03,27.69,24.72,91.78,6.21,207.44,Coconut
26.86,17.4,27.77,27.66,96.72,7.3,195.15,Coconut
18.28,18.24,34.87,28.12,90.92,6.46,189.08,Coconut
22.74,8.45,30.25,26.21,92.43,6.23,176.66,Coconut
27.44,15.58,29.45,25.24,94.62,4.36,172.76,Coconut
33.24,14.7,31.79,28.16,87.38,6.39,108.11,Coconut
26.76,19.96,23.79,28.92,94.57,5.86,216.63,Coconut
16.28,13.85,24.25,28.8,94.66,6.99,187.53,Coconut
31.09,20.39,30.68,27.11,92.78,6.47,186.84,Coconut
28.19,12.61,26.64,28.08,93.39,6.94,152.7,Coconut
18.29,15.78,29.44,26.33,96.59,6.63,226.22,Coconut
30.03,7.94,32.64,25.49,94.46,5.92,233.57,Coconut
36.5,16.29,29.68,27.24,95.73,6.52,154.38,Coconut
23.02,19.98,33.09,27.43,92.45,6.99,170.33,Coconut
33.07,32.64,29.1,27.8,92.51,6.42,180.74,Coconut
26.29,32.32,29.23,27.59,90.14,6.82,208.55,Coconut
24.2,7.45,29.9,27.02,95.45,8.01,170.5,Coconut
22.15,14.17,30.5,27.48,92.91,7.08,191.63,Coconut
27.77,15.49,28.8,24.57,94.47,6.52,184.71,Coconut
30.65,21.93,29.72,27.05,91.19,6.06,181.26,Coconut
22.9,24.3,28.35,27.22,94.23,7.06,202.52,Coconut
31.84,9.47,32.99,28.53,93.04,6.68,157.73,Coconut
15.32,16.31,28.65,26.65,92.08,5.95,179.72,Coconut
22.69,22.72,31.7,29.38,96.25,6.68,164.49,Coconut
29.34,21.63,28.72,27.78,91.2,6.32,193.9,Coconut
25.7,18.97,29.66,26.16,96.35,5.74,187.95,Coconut
30.09,15.26,30.18,26.09,96.78,5.65,163.65,Coconut
19.85,13.21,33.98,27.54,94.28,6.01,202.69,Coconut
22.35,23.97,27.82,26.36,95.52,7.15,194.94,Coconut
20.94,17.77,30.39,26.15,96.74,4.7,160.53,Coconut
24.32,5.78,26.51,27.63,94.06,7.68,218.63,Coconut
30.21,21.57,30.16,24.34,91.21,6.58,195.4,Coconut
29.31,15.54,32.34,28.48,95.88,7.24,166.02,Coconut
34.22,20.73,31.28,27.37,93.76,5.85,177.95,Coconut
33.67,17.79,32.23,27.74,93.4,7.54,171.11,Coconut
36.93,22.17,29.96,26.11,93.82,6.35,148.54,Coconut
26.14,15.98,31.46,28.31,91.55,7.78,176.79,Coconut
21.41,23.79,28.88,26.92,93.19,5.89,198.1,Coconut
25.71,12.82,31.38,25.79,91.69,7.39,150.09,Coconut
13.02,23.11,29.24,26.78,93.37,6.67,161.18,Coconut
36.73,12.62,31.11,27.64,92.48,5.73,205.43,Coconut
21.31,16.97,32.22,27.03,90.41,7.81,166.75,Coconut
24.98,21.28,31.56,28.96,90.68,7.12,198.58,Coconut
26.64,23.94,32.34,25.62,97.5,5.33,151.62,Coconut
25.86,29.62,29.23,26.97,96.86,6.27,150.54,Coconut
24.89,26.85,30.18,28.93,95.48,6.02,181.28,Coconut
22.17,16.66,41.2,28.02,95.72,6.03,219.24,Coconut
34.37,29.41,34.58,25.52,91.78,5.75,156.4,Coconut
29.52,17.17,35.18,28.9,93.99,7.97,217.2,Coconut
24.68,9.95,29.46,26.36,94.41,6.57,181.58,Coconut
30.77,13.94,31.03,26.56,94.4,7.22,149.39,Coconut
25.74,19.41,28.71,27.9,92.56,6.08,162.25,Coconut
34.33,17.54,31.15,28.98,93.85,7.33,221.78,Coconut
33.92,19.92,31.61,25.71,92.44,6.05,236.02,Coconut
22.42,15.86,27.39,27.56,94.29,7.32,196.78,Coconut
18.87,15.96,33.41,26.8,96.38,6.39,155.81,Coconut
25.6,15.16,28.59,27.2,95.02,5.31,179.57,Coconut
23.83,16.76,30.33,26.45,96.76,7.39,209.55,Coconut
24.41,15.19,30.21,26.85,92.78,5.62,178.96,Coconut
24.97,23.44,31.66,28.1,91.48,6.8,161.81,Coconut
19.87,17.86,32.67,26.63,97.13,6.91,170.15,Coconut
34.75,22.23,27.67,28.86,94.52,6.51,158.61,Coconut
34.87,22.59,31.57,26.49,95.67,7.18,163.28,Coconut
105.83,51.13,16.07,24.15,69.7,7.61,76.07,Cotton
131.07,44.29,22.5,26.06,65.82,7.15,107.49,Cotton
120.67,47.89,21.97,24.04,61.83,7.57,59.97,Cotton
115.83,55.05,19.11,23.31,78.0,6.57,67.78,Cotton
122.75,46.36,16.89,24.64,75.4,6.82,77.09,Cotton
124.7,54.94,19.29,24.65,76.03,7.44,80.39,Cotton
110.88,44.61,20.86,25.82,69.47,7.4,76.72,Cotton
121.1,56.97,21.91,22.76,68.92,7.63,81.42,Cotton
108.51,42.38,21.76,24.99,72.61,8.24,88.24,Cotton
117.57,42.4,17.56,24.34,69.45,7.84,94.66,Cotton
126.33,40.13,18.32,25.26,68.98,7.56,84.75,Cotton
120.52,43.11,19.76,24.19,78.95,6.56,77.37,Cotton
120.45,51.64,17.73,22.68,76.71,6.24,92.85,Cotton
118.44,37.83,18.8,24.38,69.17,7.01,87.4,Cotton
117.98,41.64,19.25,25.41,83.03,5.99,90.91,Cotton
122.5,53.27,18.62,22.23,76.15,6.53,66.12,Cotton
106.82,51.26,20.35,24.78,76.68,6.79,79.3,Cotton
114.89,46.19,17.58,24.39,79.22,6.59,92.81,Cotton
121.14,49.01,15.75,22.19,73.4,7.39,73.29,Cotton
136.7,52.09,17.73,24.03,87.98,6.38,85.28,Cotton
116.77,51.92,23.17,23.61,79.49,8.11,80.66,Cotton
127.85,43.81,20.05,23.82,77.48,7.6,78.9,Cotton
135.34,57.06,22.12,23.48,68.68,6.59,89.49,Cotton
107.88,51.73,17.3,24.82,72.61,7.67,91.41,Cotton
134.35,56.63,20.36,22.84,65.92,5.96,69.16,Cotton
120.69,44.0,19.55,24.49,70.6,6.44,79.47,Cotton
111.02,45.81,23.36,23.73,83.57,7.72,74.21,Cotton
108.89,47.17,22.88,23.51,78.18,7.6,72.26,Cotton
113.24,51.95,20.38,23.31,70.3,6.96,64.35,Cotton
127.66,44.51,13.04,23.98,67.87,7.84,74.15,Cotton
109.02,50.67,18.35,23.22,75.68,6.48,65.43,Cotton
137.26,51.12,19.34,24.0,75.66,7.49,72.44,Cotton
123.66,44.33,19.53,24.16,72.46,7.37,84.87,Cotton
104.92,39.01,19.08,25.83,67.18,6.9,74.64,Cotton
114.46,48.61,23.5,24.46,67.48,8.38,80.79,Cotton
114.23,56.33,18.83,25.66,67.06,7.72,82.01,Cotton
132.91,59.39,17.17,25.28,63.69,6.48,71.97,Cotton
125.04,47.71,19.58,24.15,76.2,7.33,90.94,Cotton
138.2,47.37,18.7,24.61,65.35,6.66,89.99,Cotton
118.76,39.95,16.28,24.05,79.64,7.56,81.11,Cotton
140.09,46.84,19.65,21.43,69.7,7.43,95.64,Cotton
111.7,50.39,22.62,24.01,58.23,7.12,87.61,Cotton
110.53,45.91,17.11,21.43,78.92,7.0,95.98,Cotton
128.57,45.29,19.79,24.57,78.54,7.16,91.06,Cotton
117.03,41.27,19.84,24.21,64.99,6.33,84.47,Cotton
115.94,46.46,19.1,25.52,80.39,6.38,74.67,Cotton
128.5,51.26,19.9,22.86,68.23,6.74,82.77,Cotton
137.04,43.21,17.43,23.89,78.95,6.28,94.54,Cotton
118.28,42.91,16.0,24.71,71.43,7.09,70.99,Cotton
116.81,44.46,19.75,23.33,62.91,8.36,66.37,Cotton
121.81,36.42,15.01,24.1,73.59,7.63,84.0,Cotton
118.5,41.56,23.75,24.93,64.71,7.02,81.44,Cotton
116.54,52.32,22.08,23.81,70.74,7.75,89.33,Cotton
120.72,37.32,20.86,24.7,55.28,7.13,75.83,Cotton
117.79,41.83,19.63,25.39,69.71,7.48,71.94,Cotton
127.59,47.51,20.88,24.01,76.51,5.72,65.8,Cotton
124.17,34.73,18.67,23.95,67.32,6.65,82.72,Cotton
130.09,41.51,18.56,23.27,57.37,7.07,89.35,Cotton
130.17,42.06,16.87,24.02,77.68,7.08,82.89,Cotton
131.42,42.88,19.45,25.63,71.27,6.37,73.31,Cotton
110.62,49.73,17.76,24.27,67.9,5.94,83.07,Cotton
121.48,50.74,18.32,23.22,75.01,7.76,80.11,Cotton
124.25,45.49,16.14,24.97,78.18,7.36,78.18,Cotton
125.97,53.09,24.05,24.99,72.9,6.35,81.56,Cotton
122.57,51.93,23.38,23.9,85.63,6.12,84.19,Cotton
112.01,35.58,19.5,22.54,71.49,7.02,91.19,Cotton
104.92,53.18,20.25,25.03,69.8,6.33,67.83,Cotton
107.08,50.49,23.69,23.44,76.43,6.24,81.8,Cotton
126.69,38.45,19.49,24.72,54.16,7.67,83.54,Cotton
127.17,44.92,15.69,24.53,71.98,7.02,90.88,Cotton
127.62,59.51,20.38,23.31,71.32,7.21,90.16,Cotton
105.33,47.55,24.02,23.76,78.32,7.25,89.56,Cotton
111.9,42.47,20.05,22.47,70.81,7.13,97.85,Cotton
124.03,51.41,22.91,23.04,71.47,8.21,79.21,Cotton
131.16,53.52,16.3,24.31,73.42,7.16,72.46,Cotton
108.83,44.52,19.76,25.18,83.86,7.7,88.6,Cotton
109.96,44.94,20.52,23.37,76.11,7.36,85.36,Cotton
130.25,41.85,22.33,23.3,66.62,7.27,92.16,Cotton
124.88,47.63,20.78,24.14,65.46,6.38,79.21,Cotton
120.8,47.57,21.69,23.78,76.02,6.93,98.23,Cotton
120.81,62.13,20.88,23.79,66.88,6.28,70.09,Cotton
111.2,49.97,18.68,24.19,80.51,6.96,100.79,Cotton
108.24,46.56,18.65,24.94,58.5,6.28,78.93,Cotton
135.51,48.91,16.62,22.8,82.96,6.69,70.57,Cotton
134.77,53.82,23.19,23.05,62.97,7.07,83.35,Cotton
123.65,56.74,15.67,24.86,65.65,7.43,75.25,Cotton
111.86,43.69,16.39,24.04,67.67,7.39,86.4,Cotton
136.88,49.79,21.3,25.4,68.58,6.26,82.0,Cotton
105.77,62.84,23.64,26.16,72.89,7.28,75.41,Cotton
128.83,39.9,13.64,23.21,63.4,7.74,98.16,Cotton
105.97,55.57,22.38,22.43,70.06,6.71,87.48,Cotton
107.71,46.88,18.29,24.47,71.15,6.73,77.87,Cotton
140.36,44.89,17.4,24.58,71.6,6.29,102.31,Cotton
116.48,45.14,20.4,25.73,62.0,7.14,100.87,Cotton
121.29,39.78,18.45,24.21,80.82,6.83,88.27,Cotton
105.65,38.48,18.79,25.44,72.93,7.14,82.78,Cotton
131.09,43.69,21.72,23.17,84.9,6.6,71.18,Cotton
125.5,48.0,20.82,24.23,65.69,7.81,88.94,Cotton
133.59,44.2,21.04,24.2,79.55,7.58,81.93,Cotton
104.82,58.62,21.39,23.39,75.04,6.24,90.55,Cotton
105.29,46.12,20.61,25.04,73.17,7.32,79.72,Cotton
119.68,48.03,19.53,22.31,67.7,7.12,77.51,Cotton
118.44,45.48,17.84,23.51,70.58,7.0,83.93,Cotton
118.19,41.06,16.5,26.6,65.44,6.74,85.17,Cotton
123.61,50.76,18.89,24.24,72.88,6.84,82.45,Cotton
130.55,47.36,19.96,25.07,78.51,7.79,62.44,Cotton
129.05,51.26,17.79,24.25,79.07,6.59,84.43,Cotton
128.71,40.81,19.64,24.3,67.52,6.56,78.65,Cotton
128.02,51.52,17.85,24.65,67.28,6.19,76.33,Cotton
131.23,51.6,20.0,23.58,70.06,7.05,69.32,Cotton
116.52,46.15,16.62,23.16,75.07,7.0,76.91,Cotton
110.89,57.36,17.91,24.25,69.45,7.02,84.58,Cotton
106.3,47.46,22.98,25.76,71.69,7.02,102.11,Cotton
131.35,43.64,18.45,24.96,66.18,7.54,83.34,Cotton
125.18,45.9,18.43,25.46,70.96,6.79,79.2,Cotton
121.93,41.06,18.59,23.38,77.78,6.56,62.44,Cotton
100.33,38.31,23.4,24.02,75.63,7.27,80.56,Cotton
119.25,54.03,20.36,25.4,76.38,6.69,75.03,Cotton
112.73,55.11,18.99,23.2,74.5,6.95,82.95,Cotton
138.9,53.21,20.07,22.59,69.38,7.36,68.29,Cotton
101.41,47.59,40.12,24.0,82.48,6.32,202.06,Jute
93.17,53.65,36.52,24.65,86.05,6.97,162.47,Jute
73.5,44.68,38.49,25.65,70.39,7.0,158.85,Jute
70.39,34.94,38.63,25.63,81.32,6.3,187.71,Jute
92.31,48.15,45.09,25.12,83.41,6.45,182.84,Jute
82.17,50.75,38.29,24.6,75.92,5.94,187.48,Jute
64.98,48.17,40.83,24.74,78.58,6.85,180.89,Jute
87.35,58.33,40.59,24.55,75.47,6.91,183.34,Jute
78.08,50.9,39.27,25.0,84.56,7.09,176.47,Jute
69.6,43.68,41.49,26.34,78.3,6.92,168.05,Jute
70.26,43.27,34.79,25.52,68.85,6.65,160.27,Jute
71.16,56.1,40.5,23.78,77.05,6.46,174.46,Jute
81.73,59.35,35.21,24.47,78.42,7.1,179.44,Jute
85.9,49.66,37.67,25.41,83.99,7.09,190.8,Jute
84.18,56.76,40.94,24.34,79.97,6.74,168.51,Jute
96.32,49.35,40.24,24.79,94.9,6.33,164.44,Jute
66.19,46.05,40.61,24.15,77.3,6.8,168.72,Jute
83.1,54.46,41.69,25.16,85.43,6.86,173.02,Jute
72.28,45.06,38.69,25.05,81.73,7.01,160.5,Jute
94.32,44.83,37.25,24.17,92.42,6.6,170.94,Jute
78.08,46.57,38.05,24.61,85.38,6.87,161.11,Jute
76.56,44.05,40.13,25.5,79.26,6.72,197.22,Jute
88.76,51.09,44.9,24.87,70.07,7.06,155.1,Jute
84.52,36.79,38.83,24.23,76.15,6.62,187.91,Jute
72.86,50.91,37.59,24.36,81.62,6.38,158.6,Jute
84.92,54.52,39.8,24.16,80.78,6.77,178.04,Jute
54.72,40.82,37.89,24.61,80.93,6.99,178.22,Jute
66.99,56.54,43.18,23.56,81.66,6.53,176.74,Jute
90.53,60.81,41.88,24.72,78.3,6.82,192.0,Jute
79.55,41.96,35.95,24.88,81.24,6.51,187.83,Jute
75.78,46.66,39.96,24.24,81.18,7.18,160.72,Jute
84.89,48.58,40.38,25.15,80.25,6.93,183.95,Jute
74.96,49.37,39.37,24.4,78.39,6.93,176.02,Jute
83.95,47.39,35.99,24.52,80.32,6.84,167.58,Jute
68.05,51.4,39.32,24.63,78.59,6.75,169.38,Jute
70.32,50.46,38.49,24.62,82.05,6.53,159.95,Jute
104.26,44.2,41.56,25.95,83.95,6.64,174.16,Jute
71.67,53.01,41.42,24.11,74.79,6.25,187.33,Jute
81.2,48.84,37.94,23.4,84.81,6.77,186.34,Jute
76.14,46.02,41.78,25.05,83.99,6.64,182.68,Jute
91.09,46.85,38.72,25.51,76.73,6.99,174.27,Jute
61.58,54.55,33.11,23.01,82.64,6.95,167.03,Jute
81.48,31.68,41.77,24.69,79.77,6.76,181.17,Jute
79.71,35.79,45.49,25.4,73.58,6.62,172.05,Jute
90.79,34.0,38.75,23.18,78.57,6.57,176.0,Jute
73.95,42.81,41.55,24.84,82.76,6.68,167.85,Jute
78.81,50.63,34.56,24.8,81.55,6.77,173.13,Jute
54.34,44.75,44.47,24.51,78.46,6.76,179.43,Jute
86.59,46.07,41.06,25.76,85.03,7.63,166.79,Jute
96.76,42.56,40.88,25.05,77.45,6.78,186.38,Jute
72.9,57.93,36.54,25.95,85.01,6.72,169.97,Jute
74.93,46.65,39.88,25.44,89.84,6.82,164.43,Jute
74.54,46.36,37.42,23.62,90.49,6.86,164.59,Jute
88.17,40.14,37.26,23.9,88.27,6.66,144.48,Jute
92.1,45.59,35.38,24.26,82.61,6.9,197.48,Jute
71.47,47.79,38.25,23.34,84.43,6.92,178.55,Jute
84.27,43.22,37.49,24.53,85.81,7.35,184.94,Jute
80.29,49.19,40.03,23.73,80.12,6.25,173.45,Jute
96.36,52.64,37.69,24.45,75.83,6.73,188.01,Jute
86.53,63.03,42.98,24.65,83.39,6.67,160.91,Jute
93.06,53.81,39.4,24.71,86.2,7.07,156.71,Jute
82.44,46.45,42.78,25.27,86.59,6.33,165.2,Jute
91.14,43.8,36.2,24.9,77.26,7.42,178.7,Jute
81.6,45.19,43.98,24.77,77.96,6.45,174.08,Jute
70.22,53.93,35.48,24.4,83.05,6.88,166.03,Jute
86.6,41.96,39.94,24.99,82.31,6.5,189.97,Jute
80.87,52.14,43.82,25.34,85.6,6.82,184.92,Jute
82.14,39.94,40.76,24.69,82.92,6.7,165.48,Jute
86.57,39.29,43.65,24.33,81.23,6.96,182.38,Jute
65.91,52.65,40.76,24.02,76.25,6.62,158.77,Jute
97.22,56.79,41.13,24.33,79.01,7.03,196.97,Jute
74.3,40.52,43.87,23.16,74.96,6.66,155.49,Jute
91.12,52.86,38.56,25.46,87.25,6.71,169.37,Jute
102.6,52.01,40.64,25.52,81.51,6.56,176.0,Jute
90.39,35.05,39.28,25.54,77.44,7.33,192.68,Jute
79.34,43.95,39.28,26.5,89.37,6.8,167.4,Jute
81.17,49.02,36.89,24.56,86.61,6.08,185.33,Jute
93.75,44.0,44.24,23.98,82.21,6.63,171.16,Jute
73.83,51.87,42.12,24.45,73.2,6.9,180.28,Jute
77.83,59.17,36.09,22.84,76.35,7.02,161.8,Jute
70.19,53.44,41.16,24.78,83.91,6.59,170.26,Jute
88.1,39.09,34.64,24.18,84.65,6.85,185.72,Jute
59.84,49.47,41.63,23.49,84.31,6.71,213.39,Jute
58.23,56.06,39.01,23.29,77.37,6.85,187.97,Jute
97.22,56.39,37.59,25.35,81.96,6.5,172.35,Jute
72.9,47.73,38.18,23.73,82.4,6.99,172.66,Jute
93.68,45.87,39.24,25.0,79.34,6.78,143.49,Jute
80.17,36.08,36.95,23.5,74.79,6.54,168.92,Jute
86.64,48.89,35.25,24.56,81.59,6.63,174.24,Jute
81.9,52.28,36.06,24.32,87.54,7.28,185.64,Jute
85.37,57.84,44.79,24.4,75.15,6.65,213.71,Jute
64.31,44.56,36.47,24.59,73.99,6.71,150.62,Jute
86.18,55.14,39.04,24.4,79.18,6.82,174.52,Jute
87.68,55.21,37.96,24.27,84.51,6.22,150.37,Jute
82.26,50.6,38.19,24.07,76.2,6.42,183.67,Jute
68.2,45.84,37.74,23.41,84.35,6.56,177.36,Jute
64.92,42.86,41.89,26.44,70.12,6.67,180.15,Jute
73.84,52.81,37.83,24.62,77.39,7.21,166.55,Jute
76.48,53.41,37.43,24.55,70.89,6.34,179.78,Jute
70.09,44.1,41.23,24.07,84.11,6.83,180.45,Jute
92.41,49.5,43.85,25.18,77.38,7.23,178.3,Jute
76.05,49.24,42.78,24.84,89.11,7.16,181.54,Jute
69.74,46.38,40.18,25.02,83.19,6.81,176.5,Jute
87.2,42.13,44.24,22.96,87.28,6.73,187.53,Jute
83.64,49.66,41.39,25.11,78.36,7.14,161.44,Jute
79.95,52.72,42.49,24.85,78.03,7.09,166.63,Jute
97.51,46.97,36.15,23.6,80.22,6.8,199.62,Jute
69.62,47.75,37.35,24.13,88.42,6.32,182.34,Jute
83.93,47.35,41.3,23.63,88.28,7.47,175.59,Jute
104.23,45.01,41.0,25.57,77.7,6.23,154.85,Jute
100.61,44.19,39.54,23.67,84.74,6.46,168.86,Jute
83.0,40.85,39.55,25.55,82.14,6.8,177.69,Jute
76.11,59.98,37.97,24.66,80.58,7.13,188.79,Jute
79.68,49.32,40.82,22.8,72.06,6.52,167.98,Jute
68.01,52.18,40.01,24.34,73.72,6.73,142.17,Jute
78.37,47.89,40.6,23.33,81.12,6.36,164.84,Jute
87.18,60.09,40.13,23.89,80.94,7.1,182.76,Jute
107.43,43.03,40.63,25.66,87.43,6.02,174.96,Jute
94.85,65.57,41.76,24.22,74.95,7.58,184.11,Jute
71.52,46.23,40.78,24.91,75.5,6.52,154.34,Jute
110.4,25.36,31.17,27.28,61.1,6.47,161.62,Coffee
100.63,35.29,30.78,24.82,65.24,6.81,129.06,Coffee
115.33,29.78,30.71,26.76,57.17,6.74,149.49,Coffee
85.25,21.26,31.42,24.32,68.05,6.8,185.84,Coffee
101.25,29.11,27.02,26.74,61.9,6.64,193.38,Coffee
93.94,26.71,30.82,24.33,59.06,6.62,150.58,Coffee
113.09,18.06,32.81,26.33,57.16,6.27,113.29,Coffee
92.05,34.04,29.86,26.95,56.9,6.68,142.25,Coffee
90.34,26.83,28.34,23.57,59.09,6.53,184.45,Coffee
109.37,35.12,31.8,25.92,53.86,6.54,170.18,Coffee
114.57,31.79,33.1,24.21,58.37,6.61,182.17,Coffee
98.55,26.98,31.72,24.09,68.04,6.28,116.73,Coffee
100.1,38.12,31.47,26.44,60.21,6.46,124.67,Coffee
77.41,28.73,33.28,25.93,63.12,6.9,164.49,Coffee
98.77,22.38,35.06,26.16,55.28,6.21,184.13,Coffee
89.63,39.09,23.11,27.28,62.43,6.53,153.77,Coffee
118.91,31.92,27.74,23.35,60.89,6.5,125.2,Coffee
99.45,23.91,30.02,26.41,67.46,6.73,142.17,Coffee
103.69,27.89,26.67,26.0,69.28,6.51,123.62,Coffee
100.3,19.91,32.16,26.16,59.15,6.42,152.99,Coffee
100.08,22.67,26.53,26.92,58.07,6.54,163.56,Coffee
103.22,20.16,25.81,24.76,61.98,6.32,149.96,Coffee
121.27,15.97,28.11,27.87,59.78,6.32,182.34,Coffee
100.55,25.32,30.48,24.68,54.91,6.47,136.02,Coffee
100.11,29.72,32.13,26.91,57.97,6.62,167.97,Coffee
103.28,24.5,27.43,26.13,51.47,6.43,103.24,Coffee
86.64,22.02,32.74,26.36,57.23,6.68,176.36,Coffee
98.39,18.85,29.48,25.38,53.84,6.59,163.45,Coffee
104.45,29.24,31.82,25.28,61.01,6.4,145.08,Coffee
113.38,14.73,32.19,24.72,56.25,6.57,125.85,Coffee
91.84,22.19,29.45,24.49,68.01,6.95,114.53,Coffee
105.44,32.87,31.36,24.68,58.78,6.31,148.57,Coffee
87.9,26.78,26.24,25.25,53.76,6.55,143.06,Coffee
102.91,34.26,33.97,22.34,55.83,6.42,167.28,Coffee
83.5,21.36,30.33,25.61,61.89,6.61,164.7,Coffee
101.94,27.85,31.66,22.7,67.72,5.95,134.57,Coffee
97.73,31.7,22.51,25.46,63.96,6.75,142.68,Coffee
96.99,23.65,29.02,24.21,55.55,6.61,160.3,Coffee
104.92,28.84,31.76,26.6,51.29,6.29,152.58,Coffee
99.77,23.31,32.28,27.97,60.93,6.52,175.55,Coffee
81.34,27.68,32.45,24.7,53.87,6.45,156.21,Coffee
90.91,40.6,28.8,24.06,59.53,6.73,157.87,Coffee
104.86,22.05,33.72,26.2,65.24,6.59,175.03,Coffee
91.27,24.43,33.37,27.45,54.26,6.56,148.34,Coffee
93.03,29.28,32.85,26.06,58.4,6.63,149.85,Coffee
104.12,36.23,24.81,26.5,52.3,6.81,143.96,Coffee
87.82,31.85,30.91,24.25,53.74,6.45,131.91,Coffee
89.39,28.22,27.59,26.03,67.45,6.46,160.27,Coffee
120.18,20.08,32.98,26.84,64.27,6.82,163.46,Coffee
94.17,34.34,32.83,26.88,60.22,6.32,161.57,Coffee
109.42,33.9,28.93,25.89,53.46,6.75,140.85,Coffee
107.85,20.32,32.58,25.9,56.09,6.67,144.95,Coffee
107.5,25.79,25.7,24.27,57.85,6.84,176.65,Coffee
116.24,37.84,28.66,25.26,57.94,6.33,118.37,Coffee
99.85,19.47,29.91,28.14,57.45,6.55,176.77,Coffee
102.8,29.33,29.09,25.21,55.2,6.71,120.49,Coffee
109.71,18.73,32.41,25.06,53.84,6.64,177.24,Coffee
95.62,32.0,24.29,23.85,66.46,6.44,117.93,Coffee
93.01,21.73,29.59,25.04,60.89,6.48,186.39,Coffee
104.25,30.36,32.91,25.01,53.69,6.8,160.39,Coffee
101.39,23.54,28.46,26.56,64.92,6.7,174.35,Coffee
105.69,28.32,29.56,27.01,58.13,6.59,140.41,Coffee
93.41,26.02,27.99,26.5,53.26,6.52,160.32,Coffee
81.89,24.74,30.64,26.04,58.98,6.67,155.18,Coffee
100.14,29.07,32.32,24.66,57.57,6.33,150.44,Coffee
114.26,31.08,27.17,24.75,61.86,6.27,142.09,Coffee
113.45,23.67,32.39,27.07,56.33,6.28,151.63,Coffee
89.11,28.26,29.49,25.95,66.98,6.7,167.9,Coffee
80.34,30.27,34.31,21.74,63.45,6.46,139.44,Coffee
108.01,38.19,31.94,25.04,55.28,6.54,176.05,Coffee
96.13,25.69,37.06,26.85,65.75,6.13,142.47,Coffee
100.75,21.24,34.0,27.26,57.33,6.95,157.41,Coffee
125.89,28.4,31.44,27.25,66.39,6.63,154.5,Coffee
105.14,22.4,30.38,24.11,51.1,6.51,184.32,Coffee
109.26,26.99,34.37,24.79,50.41,5.95,132.4,Coffee
108.17,23.53,31.15,27.56,54.5,6.62,168.95,Coffee
91.39,35.96,29.28,25.02,70.56,6.63,177.16,Coffee
113.55,23.43,33.12,24.87,57.28,6.43,144.28,Coffee
108.22,29.17,28.77,26.34,58.62,6.42,158.53,Coffee
104.63,29.94,29.09,26.56,58.89,6.34,126.3,Coffee
109.83,27.58,30.53,26.81,57.61,6.16,158.98,Coffee
103.08,25.86,33.68,22.39,65.6,6.7,167.21,Coffee
66.64,35.52,27.43,24.87,59.15,6.6,171.09,Coffee
108.93,32.6,30.63,26.02,54.55,6.31,176.53,Coffee
108.37,32.02,28.71,26.64,54.19,6.77,151.96,Coffee
116.84,17.99,34.41,25.05,58.1,6.55,142.69,Coffee
99.28,22.89,28.25,26.11,55.49,6.31,128.33,Coffee
94.96,35.7,27.89,24.59,60.97,6.41,204.85,Coffee
98.37,29.6,32.36,26.66,61.17,6.46,200.51,Coffee
99.0,24.74,28.39,23.34,64.11,5.91,157.38,Coffee
97.95,41.5,25.42,24.37,59.32,6.45,145.82,Coffee
99.19,19.63,30.89,22.6,59.87,6.35,179.1,Coffee
117.55,25.43,33.48,25.1,55.17,6.94,168.57,Coffee
100.04,31.79,30.69,25.41,53.37,6.43,170.74,Coffee
98.77,33.14,30.96,24.4,53.4,6.46,146.36,Coffee
103.36,23.01,28.46,26.82,60.74,6.32,157.87,Coffee
113.79,29.34,31.48,24.56,65.13,7.08,140.68,Coffee
88.18,28.6,32.19,25.39,54.73,6.47,170.21,Coffee
95.93,31.3,32.91,25.8,59.86,6.71,139.31,Coffee
90.45,25.83,28.77,24.5,69.15,7.04,149.98,Coffee
100.92,26.33,32.77,27.13,51.11,6.62,129.73,Coffee
117.58,30.25,27.94,25.2,58.56,6.63,179.64,Coffee
88.52,38.99,34.01,24.41,60.36,6.93,183.7,Coffee
96.63,32.59,37.49,25.63,56.84,6.54,162.74,Coffee
94.75,30.26,26.86,24.67,63.79,6.06,176.69,Coffee
79.88,16.68,28.75,25.86,66.63,6.51,152.26,Coffee
105.8,22.06,30.35,24.0,60.41,6.47,140.41,Coffee
101.65,28.49,32.94,23.49,59.62,6.31,175.98,Coffee
107.54,30.67,28.24,26.61,52.35,6.07,130.39,Coffee
99.67,31.72,22.56,27.15,60.66,6.11,159.65,Coffee
110.93,31.25,32.75,23.79,57.93,6.27,194.0,Coffee
106.39,45.29,28.83,24.59,59.29,6.84,149.72,Coffee
101.24,28.1,30.1,24.68,59.31,6.45,157.34,Coffee
109.44,38.5,27.9,25.01,55.87,6.55,146.06,Coffee
102.4,34.4,23.69,26.11,57.7,6.62,138.45,Coffee
111.96,33.21,31.42,26.49,56.27,6.35,173.49,Coffee
92.32,36.54,29.19,26.13,70.5,6.32,158.96,Coffee
110.54,33.45,29.18,24.85,58.83,6.86,151.57,Coffee
100.78,24.83,31.76,25.69,54.98,6.26,115.03,Coffee
91.69,32.46,33.31,26.36,62.77,6.47,173.97,Coffee
